FechaExtraccion,Fecha (Dato),Concesionaria,NumeroPuntoCobro,Categoria,Dia,Hora,TramoHorario,IndicadorSentido,TipoDeTarifa,Periodo,Cantidad,Importe
2023-11-02T18:45:42.716Z,2022-12-02,AVN,17,3,02,21:45," ",P,TBFP,202212,22,20209.86
2023-11-02T18:45:42.716Z,2022-12-11,AVN,3,1,11,09:30," ",O,TBFP,202212,311,85462.8
2023-11-02T18:45:42.716Z,2022-12-21,AVN,13,2,21,15:15," ",P,TBFP,202212,67,43135.94
2023-11-02T18:45:42.716Z,2022-12-11,AVN,15,1,11,18:15," ",P,TBFP,202212,369,40560.48
2023-11-02T18:45:42.716Z,2022-12-02,AVN,1,3,02,09:15," ",O,TBP,202212,90,50877.9
2023-11-02T18:45:42.716Z,2022-12-03,AVN,17,1,03,06:45," ",P,TBFP,202212,256,78389.76
2023-11-02T18:45:42.716Z,2022-12-10,AVN,10,1,10,15:15," ",O,TBFP,202212,578,136147.9
2023-11-02T18:45:42.716Z,2022-12-27,AVN,15,1,27,08:30," ",P,TBFP,202212,841,92442.72
2023-11-02T18:45:42.716Z,2022-12-04,AVN,1,3,04,18:45," ",O,TBFP,202212,7,1978.55
2023-11-02T18:45:42.716Z,2022-12-14,AVN,1,4,14,21:30," ",O,TBFP,202212,25,2355.5
2023-11-02T18:45:42.716Z,2022-12-18,AVN,1,3,18,02:00," ",O,TBFP,202212,11,3109.15
2023-11-02T18:45:42.716Z,2022-12-30,AVN,13,3,30,20:30," ",P,TBP,202212,6,11588.82
2023-11-02T18:45:42.716Z,2022-12-08,AVN,14,1,08,06:15," ",O,TBFP,202212,61,23037.26
2023-11-02T18:45:42.716Z,2022-12-30,AVN,15,4,30,01:15," ",P,TBFP,202212,5,549.6
2023-11-02T18:45:42.716Z,2022-12-20,AVN,4,2,20,13:45," ",P,TBFP,202212,89,48915.29
2023-11-02T18:45:42.716Z,2022-12-28,AVN,8,1,28,20:30," ",P,TBFP,202212,496,253133.6
2023-11-02T18:45:42.716Z,2022-12-29,AVN,4,2,29,00:30," ",P,TBFP,202212,8,4396.88
2023-11-02T18:45:42.716Z,2022-12-23,AVN,16,2,23,03:15," ",O,TBFP,202212,3,2261.22
2023-11-02T18:45:42.716Z,2022-12-05,AVN,17,3,05,01:45," ",P,TBFP,202212,13,11942.19
2023-11-02T18:45:42.716Z,2022-12-11,TSC,101,1,11,21:00," ",N,TBFP,202212,320,141440
2023-11-02T18:45:42.716Z,2022-12-29,AVN,5,4,29,11:15," ",O,TBFP,202212,10,3533.2
2023-11-02T18:45:42.716Z,2022-12-01,AVN,13,3,01,14:45," ",P,TBFP,202212,9,8691.57
2023-11-02T18:45:42.716Z,2022-12-04,AVN,5,4,04,06:15," ",O,TBFP,202212,1,353.32
2023-11-02T18:45:42.716Z,2022-12-16,AVN,7,3,16,20:30," ",O,TBFP,202212,21,5144.37
2023-11-02T18:45:42.716Z,2022-12-19,TSC,101,1,19,05:15," ",N,TBFP,202212,29,12818
2023-11-02T18:45:42.716Z,2022-12-25,AVN,16,3,25,18:00," ",O,TBFP,202212,3,3391.86
2023-11-02T18:45:42.716Z,2022-12-31,AVN,1,4,31,03:15," ",O,TBFP,202212,7,659.54
2023-11-02T18:45:42.716Z,2022-12-03,AVN,6,4,03,18:15," ",P,TBFP,202212,7,2473.24
2023-11-02T18:45:42.716Z,2022-12-16,AVN,12,2,16,21:45," ",O,TBFP,202212,15,1625.25
2023-11-02T18:45:42.716Z,2022-12-24,AVN,4,3,24,08:00," ",P,TBFP,202212,26,21434.66
2023-11-02T18:45:42.716Z,2022-12-06,AVN,13,2,06,14:30," ",P,TBFP,202212,60,38629.2
2023-11-02T18:45:42.716Z,2022-12-08,TSC,101,4,08,20:15," ",N,TBFP,202212,3,1326
2023-11-02T18:45:42.716Z,2022-12-12,AVN,4,2,12,08:45," ",P,TBFP,202212,84,46167.24
2023-11-02T18:45:42.716Z,2022-12-15,AVN,15,1,15,02:15," ",P,TBFP,202212,76,8353.92
2023-11-02T18:45:42.716Z,2022-12-11,AVN,3,2,11,06:00," ",O,TBFP,202212,5,2748.05
2023-11-02T18:45:42.716Z,2022-12-02,AVN,10,3,02,12:00," ",O,TBFP,202212,26,18372.64
2023-11-02T18:45:42.716Z,2022-12-07,AVN,10,1,07,01:30," ",O,TBFP,202212,71,16724.05
2023-11-02T18:45:42.716Z,2022-12-18,AVN,7,3,18,03:00," ",O,TBFP,202212,9,2204.73
2023-11-02T18:45:42.716Z,2022-12-21,TSC,101,4,21,07:45," ",N,TBP,202212,28,19796
2023-11-02T18:45:42.716Z,2022-12-03,AVN,17,2,03,01:45," ",P,TBFP,202212,7,4286.94
2023-11-02T18:45:42.716Z,2022-12-08,AVN,5,3,08,14:00," ",O,TBFP,202212,25,26498.75
2023-11-02T18:45:42.716Z,2022-12-05,AVN,9,3,05,21:45," ",O,TBFP,202212,31,39868.48
2023-11-02T18:45:42.716Z,2022-12-14,AVN,5,2,14,01:45," ",O,TBFP,202212,6,4239.84
2023-11-02T18:45:42.716Z,2022-12-21,AVN,7,2,21,20:15," ",O,TBFP,202212,28,4572.68
2023-11-02T18:45:42.716Z,2022-12-30,AVN,1,3,30,02:45," ",O,TBFP,202212,8,2261.2
2023-11-02T18:45:42.716Z,2022-12-03,AVN,3,2,03,14:30," ",O,TBFP,202212,53,29129.33
2023-11-02T18:45:42.716Z,2022-12-15,AVN,1,2,15,07:00," ",O,TS,202212,113,63880.03
2023-11-02T18:45:42.716Z,2022-12-27,AVN,9,2,27,05:45," ",O,TBFP,202212,39,33437.82
2023-11-02T18:45:42.716Z,2022-12-15,AVN,6,2,15,05:45," ",P,TBFP,202212,43,30385.52
2023-11-02T18:45:42.716Z,2022-12-26,AVN,16,2,26,13:00," ",O,TBP,202212,88,132659.12
2023-11-02T18:45:42.716Z,2022-12-04,AVN,3,4,04,20:45," ",O,TBP,202212,16,8793.76
2023-11-02T18:45:42.716Z,2022-12-04,AVN,11,2,04,09:00," ",P,TBFP,202212,5,2355.45
2023-11-02T18:45:42.716Z,2022-12-28,AVN,4,3,28,10:15," ",P,TBFP,202212,75,61830.75
2023-11-02T18:45:42.716Z,2022-12-06,TSC,102,4,06,23:30," ",S,TBFP,202212,11,3883
2023-11-02T18:45:42.716Z,2022-12-30,AVN,8,4,30,02:00," ",P,TBFP,202212,2,1020.7
2023-11-02T18:45:42.716Z,2022-12-26,AVN,3,4,26,08:30," ",O,TBP,202212,45,24732.45
2023-11-02T18:45:42.716Z,2022-12-29,AVN,9,1,29,10:30," ",O,TBFP,202212,811,347667.59
2023-11-02T18:45:42.716Z,2022-12-06,AVN,13,4,06,11:45," ",P,TBFP,202212,20,6438.2
2023-11-02T18:45:42.716Z,2022-12-09,AVN,4,3,09,22:45," ",P,TBFP,202212,25,20610.25
2023-11-02T18:45:42.716Z,2022-12-03,AVN,5,3,03,12:15," ",O,TBFP,202212,48,50877.6
2023-11-02T18:45:42.716Z,2022-12-09,AVN,3,1,09,20:30," ",O,TBFP,202212,557,153063.6
2023-11-02T18:45:42.716Z,2022-12-09,AVN,1,4,09,07:15," ",O,TS,202212,34,9610.44
2023-11-02T18:45:42.716Z,2022-12-28,AVN,17,3,28,08:45," ",P,TBFP,202212,57,52361.91
2023-11-02T18:45:42.716Z,2022-12-15,AVN,12,2,15,18:15," ",O,TBP,202212,42,9101.4
2023-11-02T18:45:42.716Z,2022-12-18,AVN,2,3,18,16:00," ",P,TBFP,202212,19,9398.16
2023-11-02T18:45:42.716Z,2022-12-22,AVN,17,4,22,10:30," ",P,TBFP,202212,21,6430.41
2023-11-02T18:45:42.716Z,2022-12-03,AVN,9,3,03,05:15," ",O,TBFP,202212,28,36010.24
2023-11-02T18:45:42.716Z,2022-12-11,AVN,16,3,11,15:30," ",O,TBFP,202212,12,13567.44
2023-11-02T18:45:42.716Z,2022-12-18,AVN,6,3,18,18:30," ",P,TBFP,202212,17,18019.15
2023-11-02T18:45:42.716Z,2022-12-01,AVN,15,2,01,17:30," ",P,TBFP,202212,36,7914.24
2023-11-02T18:45:42.716Z,2022-12-06,AVN,13,4,06,23:00," ",P,TBFP,202212,13,4184.83
2023-11-02T18:45:42.716Z,2022-12-08,TSC,102,1,08,03:30," ",S,TBFP,202212,104,36712
2023-11-02T18:45:42.716Z,2022-12-16,TSC,102,1,16,06:15," ",S,TBFP,202212,76,26828
2023-11-02T18:45:42.716Z,2022-12-27,AVN,1,4,27,21:30," ",O,TBFP,202212,21,1978.62
2023-11-02T18:45:42.716Z,2022-12-29,AVN,1,3,29,09:00," ",O,TBP,202212,65,36745.15
2023-11-02T18:45:42.716Z,2022-12-19,AVN,1,2,19,08:00," ",O,TS,202212,80,45224.8
2023-11-02T18:45:42.716Z,2022-12-26,AVN,7,1,26,12:30," ",O,TBFP,202212,472,38543.52
2023-11-02T18:45:42.716Z,2022-12-28,AVN,9,4,28,14:30," ",O,TBFP,202212,11,4715.59
2023-11-02T18:45:42.716Z,2022-12-11,AVN,8,4,11,08:00," ",P,TBFP,202212,4,2041.4
2023-11-02T18:45:42.716Z,2022-12-12,AVN,1,4,12,03:15," ",O,TBFP,202212,3,282.66
2023-11-02T18:45:42.716Z,2022-12-31,AVN,11,1,31,03:30," ",P,TBFP,202212,71,16724.05
2023-11-02T18:45:42.716Z,2022-12-31,AVN,4,3,31,19:15," ",P,TBP,202212,4,6595.28
2023-11-02T18:45:42.716Z,2022-12-07,TSC,102,3,07,23:45," ",S,TBFP,202212,1,1767
2023-11-02T18:45:42.716Z,2022-12-03,AVN,7,3,03,06:45," ",O,TBFP,202212,38,9308.86
2023-11-02T18:45:42.716Z,2022-12-04,AVN,5,4,04,16:45," ",O,TBFP,202212,11,3886.52
2023-11-02T18:45:42.716Z,2022-12-14,AVN,15,4,14,11:30," ",P,TBFP,202212,12,1319.04
2023-11-02T18:45:42.716Z,2022-12-30,AVN,12,4,30,13:45," ",O,TBFP,202212,26,1408.68
2023-11-02T18:45:42.716Z,2022-12-06,AVN,14,2,06,16:45," ",O,TBFP,202212,42,31723.02
2023-11-02T18:45:42.716Z,2022-12-11,AVN,7,2,11,03:30," ",O,TBFP,202212,2,326.62
2023-11-02T18:45:42.716Z,2022-12-11,AVN,10,3,11,21:30," ",O,TBP,202212,4,5653.08
2023-11-02T18:45:42.716Z,2022-12-08,AVN,7,4,08,20:00," ",O,TBP,202212,7,1143.17
2023-11-02T18:45:42.716Z,2022-12-08,AVN,3,2,08,02:15," ",O,TBFP,202212,7,3847.27
2023-11-02T18:45:42.716Z,2022-12-21,AVN,6,3,21,19:00," ",P,TBFP,202212,42,44517.9
2023-11-02T18:45:42.716Z,2022-12-21,AVN,12,2,21,04:00," ",O,TBFP,202212,2,216.7
2023-11-02T18:45:42.716Z,2022-12-25,AVN,9,3,25,07:15," ",O,TBFP,202212,2,2572.16
2023-11-02T18:45:42.716Z,2022-12-25,AVN,11,1,25,20:45," ",P,TBFP,202212,688,162058.4
2023-11-02T18:45:42.716Z,2022-12-17,AVN,10,2,17,12:30," ",O,TBFP,202212,35,16488.15
2023-11-02T18:45:42.716Z,2022-12-30,AVN,4,2,30,20:30," ",P,TBFP,202212,11,6045.71
2023-11-02T18:45:42.716Z,2022-12-26,AVN,3,2,26,09:45," ",O,TBFP,202212,91,50014.51
2023-11-02T18:45:42.716Z,2022-12-08,AVN,5,4,08,12:00," ",O,TBFP,202212,2,706.64
2023-11-02T18:45:42.716Z,2022-12-08,AVN,2,2,08,13:45," ",P,TBFP,202212,33,10882.08
2023-11-02T18:45:42.716Z,2022-12-12,AVN,7,1,12,17:45," ",O,TBFP,202212,713,58223.58
2023-11-02T18:45:42.716Z,2022-12-08,AVN,5,3,08,05:45," ",O,TBFP,202212,16,16959.2
2023-11-02T18:45:42.716Z,2022-12-03,TSC,101,2,03,23:30," ",N,TBFP,202212,1,1325
2023-11-02T18:45:42.716Z,2022-12-24,AVN,2,1,24,06:45," ",P,TBFP,202212,206,33965.28
2023-11-02T18:45:42.716Z,2022-12-21,AVN,11,4,21,11:15," ",P,TBFP,202212,13,3062.15
2023-11-02T18:45:42.716Z,2022-12-07,AVN,9,4,07,23:45," ",O,TBFP,202212,11,4715.59
2023-11-02T18:45:42.716Z,2022-12-17,TSC,102,4,17,04:00," ",S,TBFP,202212,1,353
2023-11-02T18:45:42.716Z,2022-12-27,AVN,13,3,27,08:00," ",P,TBFP,202212,11,10623.03
2023-11-02T18:45:42.716Z,2022-12-25,TSC,101,2,25,20:45," ",N,TBFP,202212,3,3975
2023-11-02T18:45:42.716Z,2022-12-30,AVN,1,3,30,05:15," ",O,TBFP,202212,18,5087.7
2023-11-02T18:45:42.716Z,2022-12-14,TSC,101,3,14,23:30," ",N,TBFP,202212,2,4416
2023-11-02T18:45:42.716Z,2022-12-22,AVN,4,4,22,23:00," ",P,TBFP,202212,12,3297.6
2023-11-02T18:45:42.716Z,2022-12-04,TSC,101,1,04,05:00," ",N,TBFP,202212,105,46410
2023-11-02T18:45:42.716Z,2022-12-04,AVN,11,2,04,09:30," ",P,TBFP,202212,12,5653.08
2023-11-02T18:45:42.716Z,2022-12-12,AVN,14,4,12,21:45," ",O,TBFP,202212,14,5287.24
2023-11-02T18:45:42.716Z,2022-12-16,AVN,2,3,16,09:15," ",P,TBFP,202212,74,36603.36
2023-11-02T18:45:42.716Z,2022-12-31,AVN,15,2,31,09:45," ",P,TBFP,202212,7,1538.88
2023-11-02T18:45:42.716Z,2022-12-21,AVN,9,2,21,02:30," ",O,TBFP,202212,2,1714.76
2023-11-02T18:45:42.716Z,2022-12-24,AVN,9,3,24,12:00," ",O,TBFP,202212,23,29579.84
2023-11-02T18:45:42.716Z,2022-12-24,AVN,11,4,24,08:15," ",P,TBFP,202212,8,1884.4
2023-11-02T18:45:42.716Z,2022-12-01,AVN,11,2,01,12:00," ",P,TBFP,202212,99,46637.91
2023-11-02T18:45:42.716Z,2022-12-08,AVN,8,4,08,09:15," ",P,TBFP,202212,1,510.35
2023-11-02T18:45:42.716Z,2022-12-02,AVN,10,2,02,22:15," ",O,TBFP,202212,16,7537.44
2023-11-02T18:45:42.716Z,2022-12-24,AVN,7,4,24,03:15," ",O,TBFP,202212,3,244.98
2023-11-02T18:45:42.716Z,2022-12-26,TSC,101,3,26,23:15," ",N,TBFP,202212,1,2208
2023-11-02T18:45:42.716Z,2022-12-10,TSC,101,4,10,15:15," ",N,TBFP,202212,4,1768
2023-11-02T18:45:42.716Z,2022-12-19,AVN,9,3,19,07:45," ",O,TBFP,202212,26,33438.08
2023-11-02T18:45:42.716Z,2022-12-24,AVN,1,1,24,05:15," ",O,TBFP,202212,145,13661.9
2023-11-02T18:45:42.716Z,2022-12-14,TSC,102,3,14,00:30," ",S,TBFP,202212,1,1767
2023-11-02T18:45:42.716Z,2022-12-03,AVN,5,3,03,14:45," ",O,TBFP,202212,26,27558.7
2023-11-02T18:45:42.716Z,2022-12-22,AVN,7,1,22,06:00," ",O,TBFP,202212,213,17393.58
2023-11-02T18:45:42.716Z,2022-12-13,AVN,5,3,13,14:15," ",O,TBFP,202212,82,86915.9
2023-11-02T18:45:42.716Z,2022-12-29,AVN,11,2,29,01:15," ",P,TBFP,202212,7,3297.63
2023-11-02T18:45:42.716Z,2022-12-29,AVN,12,4,29,07:00," ",O,TBP,202212,22,2383.7
2023-11-02T18:45:42.716Z,2022-12-03,AVN,1,1,03,06:45," ",O,TBFP,202212,435,40985.7
2023-11-02T18:45:42.716Z,2022-12-21,AVN,10,1,21,02:30," ",O,TBFP,202212,48,11306.4
2023-11-02T18:45:42.716Z,2022-12-30,TSC,102,4,30,18:30," ",S,TBP,202212,12,6360
2023-11-02T18:45:42.716Z,2022-12-16,AVN,6,3,16,01:00," ",P,TBFP,202212,17,18019.15
2023-11-02T18:45:42.716Z,2022-12-05,AVN,6,2,05,16:30," ",P,TBFP,202212,85,60064.4
2023-11-02T18:45:42.716Z,2022-12-29,AVN,9,4,29,13:45," ",O,TBFP,202212,16,6859.04
2023-11-02T18:45:42.716Z,2022-12-22,AVN,16,3,22,21:00," ",O,TBFP,202212,36,40702.32
2023-11-02T18:45:42.716Z,2022-12-07,AVN,13,2,07,21:45," ",P,TBP,202212,19,24465.35
2023-11-02T18:45:42.716Z,2022-12-17,AVN,13,2,17,01:00," ",P,TBFP,202212,6,3862.92
2023-11-02T18:45:42.716Z,2022-12-25,AVN,12,2,25,06:45," ",O,TBFP,202212,1,108.35
2023-11-02T18:45:42.716Z,2022-12-28,AVN,8,3,28,22:00," ",P,TBFP,202212,33,50524.32
2023-11-02T18:45:42.716Z,2022-12-02,AVN,8,3,02,22:45," ",P,TBFP,202212,27,41338.08
2023-11-02T18:45:42.716Z,2022-12-14,AVN,11,3,14,13:00," ",P,TBFP,202212,31,21905.84
2023-11-02T18:45:42.716Z,2022-12-08,AVN,13,2,08,11:15," ",P,TBFP,202212,27,17383.14
2023-11-02T18:45:42.716Z,2022-12-08,AVN,6,3,08,20:45," ",P,TBFP,202212,6,6359.7
2023-11-02T18:45:42.716Z,2022-12-12,AVN,17,3,12,09:15," ",P,TBFP,202212,84,77164.92
2023-11-02T18:45:42.716Z,2022-12-06,AVN,7,2,06,04:15," ",O,TBFP,202212,4,653.24
2023-11-02T18:45:42.716Z,2022-12-18,AVN,1,3,18,23:45," ",O,TBFP,202212,19,5370.35
2023-11-02T18:45:42.716Z,2022-12-30,AVN,16,1,30,20:30," ",O,TBFP,202212,802,302249.74
2023-11-02T18:45:42.716Z,2022-12-09,AVN,9,2,09,09:45," ",O,TBFP,202212,109,93454.42
2023-11-02T18:45:42.716Z,2022-12-06,AVN,10,3,06,03:00," ",O,TBFP,202212,18,12719.52
2023-11-02T18:45:42.716Z,2022-12-05,AVN,9,2,05,11:00," ",O,TBFP,202212,117,100313.46
2023-11-02T18:45:42.716Z,2022-12-07,AVN,9,3,07,09:30," ",O,TBFP,202212,65,83595.2
2023-11-02T18:45:42.716Z,2022-12-13,AVN,6,3,13,10:45," ",P,TBFP,202212,78,82676.1
2023-11-02T18:45:42.716Z,2022-12-15,AVN,6,2,15,01:00," ",P,TBFP,202212,8,5653.12
2023-11-02T18:45:42.716Z,2022-12-19,AVN,13,3,19,05:15," ",P,TBFP,202212,1,965.73
2023-11-02T18:45:42.716Z,2022-12-13,AVN,7,1,13,01:15," ",O,TBFP,202212,69,5634.54
2023-11-02T18:45:42.716Z,2022-12-05,AVN,12,4,05,22:45," ",O,TBFP,202212,11,595.98
2023-11-02T18:45:42.716Z,2022-12-28,AVN,11,3,28,16:00," ",P,TBFP,202212,19,13426.16
2023-11-02T18:45:42.716Z,2022-12-22,AVN,2,1,22,06:15," ",P,TBFP,202212,275,45342
2023-11-02T18:45:42.716Z,2022-12-15,TSC,102,1,15,02:15," ",S,TBFP,202212,43,15179
2023-11-02T18:45:42.716Z,2022-12-06,AVN,17,2,06,17:30," ",P,TBP,202212,112,137180.96
2023-11-02T18:45:42.716Z,2022-12-13,AVN,11,3,13,16:30," ",P,TBFP,202212,27,19079.28
2023-11-02T18:45:42.716Z,2022-12-28,AVN,12,1,28,23:30," ",O,TBFP,202212,221,11973.78
2023-11-02T18:45:42.716Z,2022-12-06,AVN,7,4,06,15:30," ",O,TBFP,202212,9,734.94
2023-11-02T18:45:42.716Z,2022-12-10,AVN,7,3,10,12:00," ",O,TBFP,202212,38,9308.86
2023-11-02T18:45:42.716Z,2022-12-20,AVN,8,3,20,07:30," ",P,TBP,202212,68,208222.12
2023-11-02T18:45:42.716Z,2022-12-24,AVN,7,2,24,05:45," ",O,TBFP,202212,18,2939.58
2023-11-02T18:45:42.716Z,2022-12-25,AVN,6,1,25,20:00," ",P,TBFP,202212,383,135321.56
2023-11-02T18:45:42.716Z,2022-12-23,AVN,1,1,23,20:45," ",O,TBFP,202212,698,65765.56
2023-11-02T18:45:42.716Z,2022-12-31,AVN,11,3,31,06:15," ",P,TBFP,202212,1,706.64
2023-11-02T18:45:42.716Z,2022-12-31,AVN,10,4,31,20:45," ",O,TBP,202212,9,4239.81
2023-11-02T18:45:42.716Z,2022-12-22,TSC,102,2,22,10:15," ",S,TBFP,202212,29,30740
2023-11-02T18:45:42.716Z,2022-12-03,AVN,2,3,03,05:45," ",P,TBFP,202212,26,12860.64
2023-11-02T18:45:42.716Z,2022-12-02,AVN,16,4,02,06:15," ",O,TBFP,202212,25,9421.75
2023-11-02T18:45:42.716Z,2022-12-14,AVN,4,3,14,22:45," ",P,TBFP,202212,29,23907.89
2023-11-02T18:45:42.716Z,2022-12-17,AVN,4,3,17,14:45," ",P,TBFP,202212,21,17312.61
2023-11-02T18:45:42.716Z,2022-12-08,AVN,1,3,08,02:15," ",O,TBFP,202212,12,3391.8
2023-11-02T18:45:42.716Z,2022-12-21,AVN,16,3,21,12:00," ",O,TBP,202212,93,210294.39
2023-11-02T18:45:42.716Z,2022-12-14,AVN,16,1,14,19:15," ",O,TBFP,202212,715,269462.05
2023-11-02T18:45:42.716Z,2022-12-22,TSC,102,3,22,19:45," ",S,TBP,202212,1,2650
2023-11-02T18:45:42.716Z,2022-12-03,AVN,14,2,03,15:30," ",O,TBFP,202212,21,15861.51
2023-11-02T18:45:42.716Z,2022-12-14,AVN,8,1,14,01:15," ",P,TBFP,202212,63,32152.05
2023-11-02T18:45:42.716Z,2022-12-11,AVN,2,2,11,12:45," ",P,TBFP,202212,7,2308.32
2023-11-02T18:45:42.716Z,2022-12-18,AVN,6,2,18,00:30," ",P,TBFP,202212,5,3533.2
2023-11-02T18:45:42.716Z,2022-12-25,AVN,12,1,25,13:30," ",O,TBFP,202212,578,31316.04
2023-11-02T18:45:42.716Z,2022-12-06,AVN,2,2,06,03:15," ",P,TBFP,202212,5,1648.8
2023-11-02T18:45:42.716Z,2022-12-03,AVN,7,1,03,08:15," ",O,TBFP,202212,330,26947.8
2023-11-02T18:45:42.716Z,2022-12-23,AVN,10,3,23,21:30," ",O,TBFP,202212,5,3533.2
2023-11-02T18:45:42.716Z,2022-12-17,AVN,5,4,17,05:45," ",O,TBFP,202212,6,2119.92
2023-11-02T18:45:42.716Z,2022-12-19,AVN,12,1,19,01:45," ",O,TBFP,202212,56,3034.08
2023-11-02T18:45:42.716Z,2022-12-18,AVN,7,1,18,03:15," ",O,TBFP,202212,87,7104.42
2023-11-02T18:45:42.716Z,2022-12-24,AVN,7,1,24,02:45," ",O,TBFP,202212,47,3838.02
2023-11-02T18:45:42.716Z,2022-12-31,AVN,7,1,31,15:15," ",O,TBFP,202212,244,19925.04
2023-11-02T18:45:42.716Z,2022-12-05,AVN,3,3,05,05:45," ",O,TBFP,202212,53,43693.73
2023-11-02T18:45:42.716Z,2022-12-17,AVN,2,3,17,22:30," ",P,TBFP,202212,13,6430.32
2023-11-02T18:45:42.716Z,2022-12-28,AVN,10,4,28,13:00," ",O,TBFP,202212,21,4946.55
2023-11-02T18:45:42.716Z,2022-12-06,AVN,15,1,06,17:30," ",P,TBFP,202212,938,103104.96
2023-11-02T18:45:42.716Z,2022-12-05,AVN,16,3,05,01:00," ",O,TBFP,202212,23,26004.26
2023-11-02T18:45:42.716Z,2022-12-10,AVN,8,1,10,00:45," ",P,TBFP,202212,140,71449
2023-11-02T18:45:42.716Z,2022-12-18,AVN,14,4,18,23:45," ",O,TBFP,202212,1,377.66
2023-11-02T18:45:42.716Z,2022-12-20,AVN,17,3,20,08:15," ",P,TBFP,202212,65,59710.95
2023-11-02T18:45:42.716Z,2022-12-25,AVN,4,3,25,16:15," ",P,TBFP,202212,6,4946.46
2023-11-02T18:45:42.716Z,2022-12-26,AVN,9,1,26,02:00," ",O,TBFP,202212,30,12860.7
2023-11-02T18:45:42.716Z,2022-12-23,AVN,1,3,23,11:15," ",O,TBP,202212,58,32787.98
2023-11-02T18:45:42.716Z,2022-12-04,AVN,8,1,04,18:15," ",P,TBFP,202212,349,178112.15
2023-11-02T18:45:42.716Z,2022-12-01,AVN,11,4,01,12:45," ",P,TBFP,202212,16,3768.8
2023-11-02T18:45:42.716Z,2022-12-25,AVN,14,4,25,06:00," ",O,TBFP,202212,1,377.66
2023-11-02T18:45:42.716Z,2022-12-13,TSC,102,2,13,02:00," ",S,TBFP,202212,1,1060
2023-11-02T18:45:42.716Z,2022-12-04,AVN,7,3,04,12:30," ",O,TBFP,202212,17,4164.49
2023-11-02T18:45:42.716Z,2022-12-17,AVN,3,1,17,21:30," ",O,TBFP,202212,635,174498
2023-11-02T18:45:42.716Z,2022-12-30,AVN,9,1,30,10:45," ",O,TBFP,202212,757,324518.33
2023-11-02T18:45:42.716Z,2022-12-22,AVN,10,2,22,10:30," ",O,TBFP,202212,118,55588.62
2023-11-02T18:45:42.716Z,2022-12-14,AVN,12,2,14,09:30," ",O,TBP,202212,88,19069.6
2023-11-02T18:45:42.716Z,2022-12-22,AVN,11,3,22,19:45," ",P,TBFP,202212,3,2119.92
2023-11-02T18:45:42.716Z,2022-12-08,AVN,13,3,08,04:15," ",P,TBFP,202212,1,965.73
2023-11-02T18:45:42.716Z,2022-12-04,AVN,9,2,04,16:45," ",O,TBFP,202212,10,8573.8
2023-11-02T18:45:42.716Z,2022-12-03,AVN,11,1,03,12:15," ",P,TBFP,202212,868,204457.4
2023-11-02T18:45:42.716Z,2022-12-13,AVN,11,1,13,06:45," ",P,TBFP,202212,613,144392.15
2023-11-02T18:45:42.716Z,2022-12-20,AVN,14,3,20,03:45," ",O,TBFP,202212,1,1132.97
2023-11-02T18:45:42.716Z,2022-12-18,AVN,6,4,18,05:45," ",P,TBFP,202212,6,2119.92
2023-11-02T18:45:42.716Z,2022-12-28,AVN,7,3,28,13:30," ",O,TBFP,202212,66,16168.02
2023-11-02T18:45:42.716Z,2022-12-31,AVN,11,1,31,02:45," ",P,TBFP,202212,85,20021.75
2023-11-02T18:45:42.716Z,2022-12-22,AVN,10,4,22,03:45," ",O,TBFP,202212,1,235.55
2023-11-02T18:45:42.716Z,2022-12-30,AVN,6,4,30,20:30," ",P,TBFP,202212,9,3179.88
2023-11-02T18:45:42.716Z,2022-12-03,AVN,6,2,03,13:00," ",P,TBFP,202212,27,19079.28
2023-11-02T18:45:42.716Z,2022-12-08,AVN,11,4,08,12:45," ",P,TBFP,202212,12,2826.6
2023-11-02T18:45:42.716Z,2022-12-16,AVN,11,3,16,17:45," ",P,TBP,202212,15,21199.05
2023-11-02T18:45:42.716Z,2022-12-11,TSC,102,4,11,10:15," ",S,TBFP,202212,2,706
2023-11-02T18:45:42.716Z,2022-12-19,AVN,12,4,19,20:15," ",O,TBFP,202212,16,866.88
2023-11-02T18:45:42.716Z,2022-12-03,AVN,15,1,03,08:15," ",P,TBFP,202212,332,36493.44
2023-11-02T18:45:42.716Z,2022-12-06,AVN,12,1,06,11:00," ",O,TBFP,202212,815,44156.7
2023-11-02T18:45:42.716Z,2022-12-26,AVN,8,2,26,11:45," ",P,TBFP,202212,118,120442.6
2023-11-02T18:45:42.716Z,2022-12-06,AVN,8,3,06,09:15," ",P,TBP,202212,48,146980.32
2023-11-02T18:45:42.716Z,2022-12-07,AVN,16,1,07,20:30," ",O,TBFP,202212,610,229890.7
2023-11-02T18:45:42.716Z,2022-12-18,AVN,1,2,18,21:45," ",O,TBFP,202212,7,1319.08
2023-11-02T18:45:42.716Z,2022-12-16,AVN,16,2,16,09:15," ",O,TBP,202212,121,182406.29
2023-11-02T18:45:42.716Z,2022-12-21,AVN,13,4,21,22:30," ",P,TBFP,202212,12,3862.92
2023-11-02T18:45:42.716Z,2022-12-21,AVN,17,4,21,19:45," ",P,TS,202212,1,918.63
2023-11-02T18:45:42.716Z,2022-12-10,AVN,16,4,10,08:15," ",O,TBFP,202212,17,6406.79
2023-11-02T18:45:42.716Z,2022-12-12,AVN,17,1,12,18:30," ",P,TS,202212,982,902094.66
2023-11-02T18:45:42.716Z,2022-12-21,TSC,101,2,21,01:45," ",N,TBFP,202212,1,1325
2023-11-02T18:45:42.716Z,2022-12-30,AVN,6,2,30,15:45," ",P,TBFP,202212,36,25439.04
2023-11-02T18:45:42.716Z,2022-12-29,AVN,4,3,29,15:45," ",P,TBFP,202212,66,54411.06
2023-11-02T18:45:42.716Z,2022-12-13,TSC,102,1,13,21:45," ",S,TBFP,202212,250,88250
2023-11-02T18:45:42.716Z,2022-12-06,AVN,8,4,06,06:45," ",P,TBFP,202212,20,10207
2023-11-02T18:45:42.716Z,2022-12-28,AVN,9,3,28,03:15," ",O,TBFP,202212,17,21863.36
2023-11-02T18:45:42.716Z,2022-12-17,TSC,102,3,17,21:30," ",S,TBFP,202212,1,1767
2023-11-02T18:45:42.716Z,2022-12-26,AVN,6,3,26,22:30," ",P,TBFP,202212,28,29678.6
2023-11-02T18:45:42.716Z,2022-12-23,AVN,17,4,23,12:00," ",P,TBFP,202212,22,6736.62
2023-11-02T18:45:42.716Z,2022-12-02,AVN,5,2,02,15:45," ",O,TBFP,202212,99,69957.36
2023-11-02T18:45:42.716Z,2022-12-12,AVN,9,3,12,12:45," ",O,TBFP,202212,83,106744.64
2023-11-02T18:45:42.716Z,2022-12-08,AVN,2,3,08,09:15," ",P,TBFP,202212,18,8903.52
2023-11-02T18:45:42.716Z,2022-12-03,AVN,5,4,03,19:15," ",O,TBP,202212,15,10599.6
2023-11-02T18:45:42.716Z,2022-12-25,AVN,12,1,25,07:15," ",O,TBFP,202212,84,4551.12
2023-11-02T18:45:42.716Z,2022-12-18,AVN,14,1,18,13:30," ",O,TBFP,202212,363,137090.58
2023-11-02T18:45:42.716Z,2022-12-29,AVN,16,2,29,05:30," ",O,TBFP,202212,41,30903.34
2023-11-02T18:45:42.716Z,2022-12-01,TSC,102,1,01,01:00," ",S,TBFP,202212,59,20827
2023-11-02T18:45:42.716Z,2022-12-18,AVN,2,2,18,20:30," ",P,TBFP,202212,5,1648.8
2023-11-02T18:45:42.716Z,2022-12-23,TSC,101,3,23,20:30," ",N,TBFP,202212,1,2208
2023-11-02T18:45:42.716Z,2022-12-16,AVN,3,4,16,06:00," ",O,TBFP,202212,11,3022.8
2023-11-02T18:45:42.716Z,2022-12-05,AVN,5,1,05,11:00," ",O,TBFP,202212,506,178779.92
2023-11-02T18:45:42.716Z,2022-12-14,AVN,10,3,14,12:00," ",O,TBFP,202212,23,16252.72
2023-11-02T18:45:42.716Z,2022-12-06,AVN,4,4,06,14:30," ",P,TBFP,202212,11,3022.8
2023-11-02T18:45:42.716Z,2022-12-27,AVN,10,2,27,10:00," ",O,TBFP,202212,131,61712.79
2023-11-02T18:45:42.716Z,2022-12-15,AVN,8,4,15,18:30," ",P,TBFP,202212,41,20924.35
2023-11-02T18:45:42.716Z,2022-12-06,AVN,8,2,06,14:15," ",P,TBFP,202212,107,109214.9
2023-11-02T18:45:42.716Z,2022-12-10,AVN,15,2,10,17:00," ",P,TBFP,202212,6,1319.04
2023-11-02T18:45:42.716Z,2022-12-18,AVN,15,4,18,17:30," ",P,TBFP,202212,7,769.44
2023-11-02T18:45:42.716Z,2022-12-23,AVN,17,1,23,22:30," ",P,TBFP,202212,669,204854.49
2023-11-02T18:45:42.716Z,2022-12-20,AVN,9,2,20,17:30," ",O,TBFP,202212,84,72019.92
2023-11-02T18:45:42.716Z,2022-12-31,AVN,8,4,31,17:30," ",P,TBFP,202212,7,3572.45
2023-11-02T18:45:42.716Z,2022-12-14,AVN,4,3,14,09:45," ",P,TBFP,202212,57,46991.37
2023-11-02T18:45:42.716Z,2022-12-09,AVN,2,1,09,11:00," ",P,TBFP,202212,692,114096.96
2023-11-02T18:45:42.716Z,2022-12-12,AVN,2,1,12,00:00," ",P,TBFP,202212,445,73371.6
2023-11-02T18:45:42.716Z,2022-12-22,AVN,15,3,22,06:15," ",P,TBFP,202212,2,659.52
2023-11-02T18:45:42.716Z,2022-12-18,AVN,15,3,18,11:15," ",P,TBFP,202212,2,659.52
2023-11-02T18:45:42.716Z,2022-12-11,TSC,101,4,11,11:15," ",N,TBFP,202212,7,3094
2023-11-02T18:45:42.716Z,2022-12-18,AVN,3,3,18,04:00," ",O,TBFP,202212,12,9892.92
2023-11-02T18:45:42.716Z,2022-12-16,AVN,14,3,16,17:00," ",O,TBFP,202212,4,4531.88
2023-11-02T18:45:42.716Z,2022-12-10,TSC,102,1,10,22:00," ",S,TBFP,202212,237,83661
2023-11-02T18:45:42.716Z,2022-12-13,AVN,5,2,13,16:00," ",O,TBFP,202212,109,77023.76
2023-11-02T18:45:42.716Z,2022-12-30,TSC,101,1,30,19:00," ",N,TS,202212,270,238410
2023-11-02T18:45:42.716Z,2022-12-22,AVN,5,1,22,09:00," ",O,TBFP,202212,736,260043.52
2023-11-02T18:45:42.716Z,2022-12-31,AVN,6,4,31,09:00," ",P,TBFP,202212,8,2826.56
2023-11-02T18:45:42.716Z,2022-12-04,AVN,8,3,04,19:00," ",P,TBFP,202212,16,24496.64
2023-11-02T18:45:42.716Z,2022-12-09,AVN,9,4,09,14:00," ",O,TBFP,202212,17,7287.73
2023-11-02T18:45:42.716Z,2022-12-10,AVN,2,3,10,12:30," ",P,TBFP,202212,52,25721.28
2023-11-02T18:45:42.716Z,2022-12-09,AVN,10,3,09,15:45," ",O,TBFP,202212,26,18372.64
2023-11-02T18:45:42.716Z,2022-12-29,AVN,14,4,29,23:45," ",O,TBFP,202212,2,755.32
2023-11-02T18:45:42.716Z,2022-12-21,AVN,6,2,21,01:30," ",P,TBFP,202212,2,1413.28
2023-11-02T18:45:42.716Z,2022-12-20,AVN,1,1,20,00:15," ",O,TBFP,202212,271,25533.62
2023-11-02T18:45:42.716Z,2022-12-22,AVN,11,1,22,05:00," ",P,TBFP,202212,66,15546.3
2023-11-02T18:45:42.716Z,2022-12-07,AVN,6,3,07,03:45," ",P,TBFP,202212,16,16959.2
2023-11-02T18:45:42.716Z,2022-12-28,AVN,10,2,28,18:00," ",O,TBP,202212,52,48993.36
2023-11-02T18:45:42.716Z,2022-12-25,AVN,17,3,25,18:45," ",P,TBFP,202212,2,1837.26
2023-11-02T18:45:42.716Z,2022-12-14,AVN,15,1,14,15:30," ",P,TBFP,202212,761,83649.12
2023-11-02T18:45:42.716Z,2022-12-12,AVN,10,4,12,01:45," ",O,TBFP,202212,1,235.55
2023-11-02T18:45:42.716Z,2022-12-28,TSC,102,2,28,08:45," ",S,TBP,202212,27,42930
2023-11-02T18:45:42.716Z,2022-12-15,AVN,17,4,15,10:30," ",P,TBFP,202212,18,5511.78
2023-11-02T18:45:42.716Z,2022-12-02,AVN,17,4,02,15:45," ",P,TBFP,202212,38,11635.98
2023-11-02T18:45:42.716Z,2022-12-13,AVN,17,1,13,20:15," ",P,TBFP,202212,614,188012.94
2023-11-02T18:45:42.716Z,2022-12-23,AVN,10,3,23,17:00," ",O,TBFP,202212,13,9186.32
2023-11-02T18:45:42.716Z,2022-12-07,AVN,10,1,07,22:45," ",O,TBFP,202212,456,107410.8
2023-11-02T18:45:42.716Z,2022-12-08,AVN,11,4,08,12:00," ",P,TBFP,202212,6,1413.3
2023-11-02T18:45:42.716Z,2022-12-09,AVN,3,3,09,04:15," ",O,TBFP,202212,19,15663.79
2023-11-02T18:45:42.716Z,2022-12-16,AVN,11,4,16,19:30," ",P,TBFP,202212,22,5182.1
2023-11-02T18:45:42.716Z,2022-12-15,AVN,1,4,15,17:15," ",O,TBFP,202212,25,2355.5
2023-11-02T18:45:42.716Z,2022-12-21,AVN,8,3,21,12:00," ",P,TBFP,202212,74,113296.96
2023-11-02T18:45:42.716Z,2022-12-07,AVN,6,1,07,22:00," ",P,TBFP,202212,285,100696.2
2023-11-02T18:45:42.716Z,2022-12-30,AVN,7,3,30,23:00," ",O,TBFP,202212,10,2449.7
2023-11-02T18:45:42.716Z,2022-12-31,AVN,15,1,31,14:00," ",P,TBP,202212,474,104204.16
2023-11-02T18:45:42.716Z,2022-12-29,AVN,13,4,29,23:45," ",P,TBFP,202212,9,2897.19
2023-11-02T18:45:42.716Z,2022-12-05,TSC,101,4,05,17:00," ",N,TBP,202212,22,15554
2023-11-02T18:45:42.716Z,2022-12-07,TSC,101,2,07,17:30," ",N,TS,202212,16,42400
2023-11-02T18:45:42.716Z,2022-12-18,AVN,15,1,18,21:15," ",P,TBFP,202212,514,56498.88
2023-11-02T18:45:42.716Z,2022-12-25,AVN,3,2,25,11:15," ",O,TBFP,202212,7,3847.27
2023-11-02T18:45:42.716Z,2022-12-07,AVN,13,1,07,19:00," ",P,TBP,202212,1163,748762.66
2023-11-02T18:45:42.716Z,2022-12-17,AVN,16,1,17,10:00," ",O,TBFP,202212,706,266070.22
2023-11-02T18:45:42.716Z,2022-12-25,AVN,6,4,25,20:45," ",P,TBFP,202212,10,3533.2
2023-11-02T18:45:42.716Z,2022-12-25,AVN,15,4,25,10:30," ",P,TBFP,202212,2,219.84
2023-11-02T18:45:42.716Z,2022-12-24,AVN,16,2,24,00:00," ",O,TBFP,202212,15,11306.1
2023-11-02T18:45:42.716Z,2022-12-31,AVN,3,2,31,16:15," ",O,TBFP,202212,16,8793.76
2023-11-02T18:45:42.716Z,2022-12-04,AVN,8,4,04,00:45," ",P,TBFP,202212,4,2041.4
2023-11-02T18:45:42.716Z,2022-12-25,AVN,7,2,25,09:15," ",O,TBFP,202212,1,163.31
2023-11-02T18:45:42.716Z,2022-12-29,TSC,102,4,29,18:45," ",S,TBP,202212,26,13780
2023-11-02T18:45:42.716Z,2022-12-11,AVN,6,4,11,23:15," ",P,TBFP,202212,10,3533.2
2023-11-02T18:45:42.716Z,2022-12-11,AVN,14,2,11,22:30," ",O,TBFP,202212,1,755.31
2023-11-02T18:45:42.716Z,2022-12-28,AVN,3,1,28,14:45," ",O,TBFP,202212,653,179444.4
2023-11-02T18:45:42.716Z,2022-12-25,AVN,11,1,25,18:15," ",P,TBFP,202212,485,114241.75
2023-11-02T18:45:42.716Z,2022-12-24,AVN,5,1,24,10:15," ",O,TBFP,202212,244,86210.08
2023-11-02T18:45:42.716Z,2022-12-10,AVN,2,4,10,12:00," ",P,TBFP,202212,9,1483.92
2023-11-02T18:45:42.716Z,2022-12-15,AVN,9,3,15,05:30," ",O,TBFP,202212,32,41154.56
2023-11-02T18:45:42.716Z,2022-12-12,AVN,8,3,12,13:15," ",P,TBFP,202212,48,73489.92
2023-11-02T18:45:42.716Z,2022-12-17,AVN,1,3,17,14:45," ",O,TBFP,202212,30,8479.5
2023-11-02T18:45:42.716Z,2022-12-20,AVN,12,1,20,17:30," ",O,TBP,202212,1244,134787.4
2023-11-02T18:45:42.716Z,2022-12-31,AVN,13,2,31,00:45," ",P,TBFP,202212,4,2575.28
2023-11-02T18:45:42.716Z,2022-12-23,AVN,2,2,23,06:15," ",P,TBFP,202212,66,21764.16
2023-11-02T18:45:42.716Z,2022-12-20,AVN,6,3,20,15:15," ",P,TBFP,202212,68,72076.6
2023-11-02T18:45:42.716Z,2022-12-16,AVN,13,3,16,21:30," ",P,TBP,202212,6,11588.82
2023-11-02T18:45:42.716Z,2022-12-26,AVN,10,1,26,01:15," ",O,TBFP,202212,69,16252.95
2023-11-02T18:45:42.716Z,2022-12-03,AVN,2,1,03,21:15," ",P,TBFP,202212,791,130420.08
2023-11-02T18:45:42.716Z,2022-12-15,AVN,7,3,15,09:15," ",O,TBFP,202212,49,12003.53
2023-11-02T18:45:42.716Z,2022-12-14,AVN,4,3,14,02:45," ",P,TBFP,202212,10,8244.1
2023-11-02T18:45:42.716Z,2022-12-25,AVN,7,1,25,20:15," ",O,TBP,202212,444,72509.64
2023-11-02T18:45:42.716Z,2022-12-23,AVN,6,3,23,12:30," ",P,TBFP,202212,62,65716.9
2023-11-02T18:45:42.716Z,2022-12-15,AVN,4,1,15,08:15," ",P,TBFP,202212,529,145369.2
2023-11-02T18:45:42.716Z,2022-12-14,AVN,8,3,14,01:15," ",P,TBFP,202212,14,21434.56
2023-11-02T18:45:42.716Z,2022-12-05,AVN,14,2,05,04:45," ",O,TBFP,202212,3,2265.93
2023-11-02T18:45:42.716Z,2022-12-13,AVN,3,3,13,12:45," ",O,TBFP,202212,71,58533.11
2023-11-02T18:45:42.716Z,2022-12-16,TSC,102,1,16,21:15," ",S,TBFP,202212,451,159203
2023-11-02T18:45:42.716Z,2022-12-28,AVN,7,2,28,17:30," ",O,TBFP,202212,53,8655.43
2023-11-02T18:45:42.716Z,2022-12-19,AVN,7,3,19,01:00," ",O,TBFP,202212,10,2449.7
2023-11-02T18:45:42.716Z,2022-12-27,AVN,12,3,27,12:45," ",O,TBFP,202212,15,2437.95
2023-11-02T18:45:42.716Z,2022-12-14,AVN,2,2,14,05:00," ",P,TBFP,202212,10,3297.6
2023-11-02T18:45:42.716Z,2022-12-31,AVN,13,3,31,19:15," ",P,TBFP,202212,1,965.73
2023-11-02T18:45:42.716Z,2022-12-09,TSC,102,3,09,18:15," ",S,TBP,202212,3,7950
2023-11-02T18:45:42.716Z,2022-12-13,AVN,13,3,13,20:00," ",P,TBP,202212,7,13520.29
2023-11-02T18:45:42.716Z,2022-12-15,AVN,13,1,15,14:45," ",P,TBFP,202212,738,237569.58
2023-11-02T18:45:42.716Z,2022-12-15,AVN,9,2,15,20:30," ",O,TBFP,202212,28,24006.64
2023-11-02T18:45:42.716Z,2022-12-06,AVN,15,1,06,16:45," ",P,TBFP,202212,809,88925.28
2023-11-02T18:45:42.716Z,2022-12-06,AVN,5,2,06,06:45," ",O,TBFP,202212,84,59357.76
2023-11-02T18:45:42.716Z,2022-12-19,AVN,6,2,19,18:15," ",P,TBP,202212,32,45224.64
2023-11-02T18:45:42.716Z,2022-12-19,AVN,15,4,19,21:00," ",P,TBP,202212,15,3297.6
2023-11-02T18:45:42.716Z,2022-12-20,AVN,8,2,20,05:45," ",P,TBFP,202212,26,26538.2
2023-11-02T18:45:42.716Z,2022-12-07,AVN,1,1,07,00:45," ",O,TBFP,202212,168,15828.96
2023-11-02T18:45:42.716Z,2022-12-27,AVN,6,1,27,12:15," ",P,TBFP,202212,473,167120.36
2023-11-02T18:45:42.716Z,2022-12-08,AVN,17,4,08,06:30," ",P,TBFP,202212,6,1837.26
2023-11-02T18:45:42.716Z,2022-12-30,AVN,1,1,30,17:00," ",O,TBFP,202212,832,78391.04
2023-11-02T18:45:42.716Z,2022-12-27,AVN,15,2,27,15:00," ",P,TBFP,202212,42,9233.28
2023-11-02T18:45:42.716Z,2022-12-29,AVN,9,1,29,09:30," ",O,TBFP,202212,798,342094.62
2023-11-02T18:45:42.716Z,2022-12-23,AVN,7,4,23,21:45," ",O,TBFP,202212,8,653.28
2023-11-02T18:45:42.716Z,2022-12-14,AVN,13,4,14,18:15," ",P,TBFP,202212,58,18670.78
2023-11-02T18:45:42.716Z,2022-12-09,AVN,14,4,09,14:15," ",O,TBFP,202212,16,6042.56
2023-11-02T18:45:42.716Z,2022-12-07,AVN,3,2,07,22:45," ",O,TBFP,202212,24,13190.64
2023-11-02T18:45:42.716Z,2022-12-26,AVN,5,3,26,16:00," ",O,TBFP,202212,64,67836.8
2023-11-02T18:45:42.716Z,2022-12-28,AVN,17,3,28,08:15," ",P,TBFP,202212,54,49606.02
2023-11-02T18:45:42.716Z,2022-12-01,AVN,10,2,01,18:45," ",O,TBP,202212,40,37687.2
2023-11-02T18:45:42.716Z,2022-12-13,AVN,17,3,13,17:00," ",P,TBP,202212,87,159840.75
2023-11-02T18:45:42.716Z,2022-12-15,AVN,10,3,15,08:15," ",O,TBP,202212,13,18372.51
2023-11-02T18:45:42.716Z,2022-12-01,AVN,4,1,01,17:00," ",P,TBP,202212,779,428146.19
2023-11-02T18:45:42.716Z,2022-12-08,AVN,2,1,08,01:30," ",P,TBFP,202212,225,37098
2023-11-02T18:45:42.716Z,2022-12-19,AVN,6,2,19,00:30," ",P,TBFP,202212,6,4239.84
2023-11-02T18:45:42.716Z,2022-12-22,AVN,6,2,22,03:15," ",P,TBFP,202212,4,2826.56
2023-11-02T18:45:42.716Z,2022-12-31,AVN,15,2,31,15:45," ",P,TBFP,202212,3,659.52
2023-11-02T18:45:42.716Z,2022-12-03,AVN,17,3,03,07:15," ",P,TBFP,202212,25,22965.75
2023-11-02T18:45:42.716Z,2022-12-02,AVN,6,2,02,04:15," ",P,TBFP,202212,9,6359.76
2023-11-02T18:45:42.716Z,2022-12-10,AVN,14,3,10,12:45," ",O,TBFP,202212,4,4531.88
2023-11-02T18:45:42.716Z,2022-12-08,AVN,15,4,08,22:15," ",P,TBFP,202212,4,439.68
2023-11-02T18:45:42.716Z,2022-12-24,AVN,13,2,24,07:30," ",P,TBFP,202212,11,7082.02
2023-11-02T18:45:42.716Z,2022-12-14,AVN,17,2,14,07:00," ",P,TBFP,202212,112,68591.04
2023-11-02T18:45:42.716Z,2022-12-16,AVN,7,4,16,21:45," ",O,TBFP,202212,7,571.62
2023-11-02T18:45:42.716Z,2022-12-24,TSC,102,1,24,00:15," ",S,TBFP,202212,127,44831
2023-11-02T18:45:42.716Z,2022-12-29,AVN,14,3,29,08:15," ",O,TS,202212,9,30590.37
2023-11-02T18:45:42.716Z,2022-12-21,AVN,7,1,21,02:00," ",O,TBFP,202212,59,4817.94
2023-11-02T18:45:42.716Z,2022-12-01,AVN,15,3,01,22:45," ",P,TBFP,202212,5,1648.8
2023-11-02T18:45:42.716Z,2022-12-27,AVN,17,1,27,08:45," ",P,TBFP,202212,716,219246.36
2023-11-02T18:45:42.716Z,2022-12-27,AVN,9,1,27,16:15," ",O,TBFP,202212,649,278219.81
2023-11-02T18:45:42.716Z,2022-12-27,TSC,101,2,27,21:30," ",N,TBFP,202212,5,6625
2023-11-02T18:45:42.716Z,2022-12-27,AVN,7,4,27,05:30," ",O,TBFP,202212,2,163.32
2023-11-02T18:45:42.716Z,2022-12-22,AVN,17,1,22,15:45," ",P,TBFP,202212,983,301004.43
2023-11-02T18:45:42.716Z,2022-12-03,AVN,11,4,03,21:30," ",P,TBP,202212,8,3768.72
2023-11-02T18:45:42.716Z,2022-12-12,AVN,3,1,12,06:30," ",O,TBFP,202212,977,268479.6
2023-11-02T18:45:42.716Z,2022-12-24,AVN,4,3,24,19:00," ",P,TBP,202212,6,9892.92
2023-11-02T18:45:42.716Z,2022-12-07,AVN,9,4,07,21:45," ",O,TBFP,202212,7,3000.83
2023-11-02T18:45:42.716Z,2022-12-23,AVN,4,2,23,03:30," ",P,TBFP,202212,2,1099.22
2023-11-02T18:45:42.716Z,2022-12-07,AVN,13,1,07,23:45," ",P,TBFP,202212,324,104298.84
2023-11-02T18:45:42.716Z,2022-12-16,AVN,2,1,16,17:15," ",P,TBP,202212,1132,373288.32
2023-11-02T18:45:42.716Z,2022-12-29,AVN,3,4,29,01:45," ",O,TBFP,202212,2,549.6
2023-11-02T18:45:42.716Z,2022-12-14,AVN,5,2,14,05:45," ",O,TBFP,202212,41,28972.24
2023-11-02T18:45:42.716Z,2022-12-28,AVN,15,1,28,23:00," ",P,TBFP,202212,313,34404.96
2023-11-02T18:45:42.716Z,2022-12-29,AVN,11,3,29,05:45," ",P,TBFP,202212,4,2826.56
2023-11-02T18:45:42.716Z,2022-12-06,AVN,14,1,06,02:00," ",O,TBFP,202212,21,7930.86
2023-11-02T18:45:42.716Z,2022-12-11,AVN,1,1,11,19:30," ",O,TBFP,202212,701,66048.22
2023-11-02T18:45:42.716Z,2022-12-22,AVN,10,3,22,21:45," ",O,TBFP,202212,6,4239.84
2023-11-02T18:45:42.716Z,2022-12-30,AVN,4,2,30,00:15," ",P,TBFP,202212,4,2198.44
2023-11-02T18:45:42.716Z,2022-12-21,AVN,5,2,21,11:15," ",O,TBFP,202212,108,76317.12
2023-11-02T18:45:42.716Z,2022-12-03,AVN,2,1,03,13:45," ",P,TBFP,202212,800,131904
2023-11-02T18:45:42.716Z,2022-12-17,AVN,3,2,17,09:30," ",O,TBFP,202212,56,30778.16
2023-11-02T18:45:42.716Z,2022-12-16,AVN,8,1,16,11:15," ",P,TBFP,202212,546,278651.1
2023-11-02T18:45:42.716Z,2022-12-31,AVN,6,2,31,08:45," ",P,TBFP,202212,28,19785.92
2023-11-02T18:45:42.716Z,2022-12-14,AVN,9,3,14,20:00," ",O,TBFP,202212,45,57873.6
2023-11-02T18:45:42.716Z,2022-12-21,AVN,6,1,21,17:45," ",P,TBFP,202212,828,292548.96
2023-11-02T18:45:42.716Z,2022-12-27,AVN,16,4,27,06:00," ",O,TBFP,202212,17,6406.79
2023-11-02T18:45:42.716Z,2022-12-31,AVN,16,4,31,10:15," ",O,TBFP,202212,7,2638.09
2023-11-02T18:45:42.716Z,2022-12-31,AVN,7,2,31,23:30," ",O,TBFP,202212,2,326.62
2023-11-02T18:45:42.716Z,2022-12-04,AVN,7,4,04,07:30," ",O,TBFP,202212,5,408.3
2023-11-02T18:45:42.716Z,2022-12-06,AVN,2,3,06,19:15," ",P,TS,202212,54,80132.76
2023-11-02T18:45:42.716Z,2022-12-28,AVN,11,2,28,08:45," ",P,TBFP,202212,81,38158.29
2023-11-02T18:45:42.716Z,2022-12-28,AVN,6,2,28,13:00," ",P,TBFP,202212,98,69250.72
2023-11-02T18:45:42.716Z,2022-12-28,TSC,102,1,28,02:00," ",S,TBFP,202212,41,14473
2023-11-02T18:45:42.716Z,2022-12-29,AVN,6,2,29,20:15," ",P,TBFP,202212,23,16252.72
2023-11-02T18:45:42.716Z,2022-12-03,AVN,2,2,03,14:30," ",P,TBFP,202212,37,12201.12
2023-11-02T18:45:42.716Z,2022-12-15,AVN,12,4,15,22:15," ",O,TBFP,202212,12,650.16
2023-11-02T18:45:42.716Z,2022-12-15,AVN,4,2,15,07:45," ",P,TBFP,202212,96,52762.56
2023-11-02T18:45:42.716Z,2022-12-11,AVN,14,3,11,01:45," ",O,TBFP,202212,1,1132.97
2023-11-02T18:45:42.716Z,2022-12-31,AVN,15,2,31,01:15," ",P,TBFP,202212,7,1538.88
2023-11-02T18:45:42.716Z,2022-12-06,AVN,4,4,06,12:30," ",P,TBFP,202212,9,2473.2
2023-11-02T18:45:42.716Z,2022-12-06,AVN,10,2,06,13:30," ",O,TBFP,202212,104,48993.36
2023-11-02T18:45:42.716Z,2022-12-14,AVN,9,4,14,08:45," ",O,TBFP,202212,25,10717.25
2023-11-02T18:45:42.716Z,2022-12-23,AVN,7,4,23,14:15," ",O,TBFP,202212,21,1714.86
2023-11-02T18:45:42.716Z,2022-12-11,TSC,102,1,11,22:30," ",S,TBFP,202212,125,44125
2023-11-02T18:45:42.716Z,2022-12-23,AVN,1,3,23,20:45," ",O,TBFP,202212,23,6500.95
2023-11-02T18:45:42.716Z,2022-12-03,AVN,3,4,03,08:00," ",O,TBFP,202212,17,4671.6
2023-11-02T18:45:42.716Z,2022-12-12,AVN,1,3,12,18:00," ",O,TBFP,202212,64,18089.6
2023-11-02T18:45:42.716Z,2022-12-25,AVN,9,4,25,20:30," ",O,TBP,202212,8,6859.04
2023-11-02T18:45:42.716Z,2022-12-23,AVN,16,4,23,11:00," ",O,TBP,202212,12,9044.88
2023-11-02T18:45:42.716Z,2022-12-17,AVN,2,2,17,01:15," ",P,TBFP,202212,12,3957.12
2023-11-02T18:45:42.716Z,2022-12-17,AVN,6,1,17,05:15," ",P,TBFP,202212,85,30032.2
2023-11-02T18:45:42.716Z,2022-12-15,AVN,10,3,15,06:15," ",O,TBFP,202212,14,9892.96
2023-11-02T18:45:42.716Z,2022-12-28,AVN,8,2,28,09:00," ",P,TBP,202212,102,208221.78
2023-11-02T18:45:42.716Z,2022-12-26,AVN,4,2,26,10:45," ",P,TBFP,202212,94,51663.34
2023-11-02T18:45:42.716Z,2022-12-24,AVN,14,1,24,05:45," ",O,TBFP,202212,37,13973.42
2023-11-02T18:45:42.716Z,2022-12-26,TSC,101,4,26,21:30," ",N,TBFP,202212,2,884
2023-11-02T18:45:42.716Z,2022-12-05,AVN,9,4,05,10:45," ",O,TBFP,202212,6,2572.14
2023-11-02T18:45:42.716Z,2022-12-02,AVN,6,2,02,10:15," ",P,TBFP,202212,113,79850.32
2023-11-02T18:45:42.716Z,2022-12-11,AVN,8,2,11,00:15," ",P,TBFP,202212,3,3062.1
2023-11-02T18:45:42.716Z,2022-12-08,AVN,9,1,08,01:00," ",O,TBFP,202212,149,63874.81
2023-11-02T18:45:42.716Z,2022-12-08,AVN,17,4,08,11:45," ",P,TBFP,202212,16,4899.36
2023-11-02T18:45:42.716Z,2022-12-12,TSC,101,4,12,12:00," ",N,TBP,202212,9,6363
2023-11-02T18:45:42.716Z,2022-12-24,AVN,10,2,24,19:15," ",O,TBP,202212,14,13190.52
2023-11-02T18:45:42.716Z,2022-12-23,AVN,9,2,23,22:45," ",O,TBFP,202212,18,15432.84
2023-11-02T18:45:42.716Z,2022-12-29,AVN,4,1,29,13:30," ",P,TBFP,202212,602,165429.6
2023-11-02T18:45:42.716Z,2022-12-13,AVN,17,4,13,06:00," ",P,TBFP,202212,3,918.63
2023-11-02T18:45:42.716Z,2022-12-15,AVN,1,4,15,07:30," ",O,TS,202212,41,11589.06
2023-11-02T18:45:42.716Z,2022-12-26,TSC,102,1,26,11:15," ",S,TBFP,202212,397,140141
2023-11-02T18:45:42.716Z,2022-12-19,AVN,17,2,19,03:15," ",P,TBFP,202212,6,3674.52
2023-11-02T18:45:42.716Z,2022-12-03,AVN,5,2,03,04:15," ",O,TBFP,202212,11,7773.04
2023-11-02T18:45:42.716Z,2022-12-14,AVN,13,4,14,13:00," ",P,TBFP,202212,16,5150.56
2023-11-02T18:45:42.716Z,2022-12-13,AVN,1,3,13,15:30," ",O,TBFP,202212,83,23459.95
2023-11-02T18:45:42.716Z,2022-12-18,AVN,4,4,18,14:15," ",P,TBFP,202212,3,824.4
2023-11-02T18:45:42.716Z,2022-12-23,AVN,3,4,23,15:45," ",O,TBFP,202212,11,3022.8
2023-11-02T18:45:42.716Z,2022-12-30,AVN,9,2,30,17:45," ",O,TBFP,202212,43,36867.34
2023-11-02T18:45:42.716Z,2022-12-16,AVN,2,3,16,03:00," ",P,TBFP,202212,9,4451.76
2023-11-02T18:45:42.716Z,2022-12-25,AVN,1,2,25,22:45," ",O,TBFP,202212,8,1507.52
2023-11-02T18:45:42.716Z,2022-12-22,AVN,15,2,22,15:45," ",P,TBFP,202212,52,11431.68
2023-11-02T18:45:42.716Z,2022-12-10,AVN,5,2,10,04:30," ",O,TBFP,202212,5,3533.2
2023-11-02T18:45:42.716Z,2022-12-17,AVN,10,4,17,12:45," ",O,TBFP,202212,13,3062.15
2023-11-02T18:45:42.716Z,2022-12-10,AVN,14,1,10,07:30," ",O,TBFP,202212,268,101212.88
2023-11-02T18:45:42.716Z,2022-12-19,AVN,4,2,19,04:00," ",P,TBFP,202212,3,1648.83
2023-11-02T18:45:42.716Z,2022-12-22,AVN,16,4,22,17:30," ",O,TBFP,202212,25,9421.75
2023-11-02T18:45:42.716Z,2022-12-01,AVN,11,3,01,06:45," ",P,TBFP,202212,16,11306.24
2023-11-02T18:45:42.716Z,2022-12-20,AVN,17,4,20,11:15," ",P,TBFP,202212,18,5511.78
2023-11-02T18:45:42.716Z,2022-12-06,AVN,4,4,06,01:30," ",P,TBFP,202212,2,549.6
2023-11-02T18:45:42.716Z,2022-12-03,AVN,7,4,03,23:00," ",O,TBFP,202212,7,571.62
2023-11-02T18:45:42.716Z,2022-12-12,TSC,101,3,12,07:00," ",N,TBP,202212,9,31797
2023-11-02T18:45:42.716Z,2022-12-24,AVN,9,3,24,04:15," ",O,TBFP,202212,4,5144.32
2023-11-02T18:45:42.716Z,2022-12-26,AVN,5,1,26,16:30," ",O,TBFP,202212,515,181959.8
2023-11-02T18:45:42.716Z,2022-12-27,AVN,15,2,27,20:30," ",P,TBP,202212,11,4836.48
2023-11-02T18:45:42.716Z,2022-12-05,AVN,15,1,05,18:00," ",P,TBFP,202212,964,105962.88
2023-11-02T18:45:42.716Z,2022-12-09,AVN,11,2,09,07:30," ",P,TBFP,202212,68,32034.12
2023-11-02T18:45:42.716Z,2022-12-11,AVN,10,1,11,17:45," ",O,TBFP,202212,669,157582.95
2023-11-02T18:45:42.716Z,2022-12-10,AVN,5,3,10,13:00," ",O,TBFP,202212,48,50877.6
2023-11-02T18:45:42.716Z,2022-12-21,AVN,1,1,21,08:00," ",O,TS,202212,700,197862
2023-11-02T18:45:42.716Z,2022-12-19,AVN,15,1,19,13:45," ",P,TBFP,202212,666,73206.72
2023-11-02T18:45:42.716Z,2022-12-31,AVN,17,1,31,19:45," ",P,TBFP,202212,729,223227.09
2023-11-02T18:45:42.716Z,2022-12-31,AVN,7,4,31,12:30," ",O,TBFP,202212,3,244.98
2023-11-02T18:45:42.716Z,2022-12-28,AVN,9,1,28,11:45," ",O,TBFP,202212,622,266645.18
2023-11-02T18:45:42.716Z,2022-12-27,AVN,8,1,27,08:15," ",P,TBP,202212,739,754297.3
2023-11-02T18:45:42.716Z,2022-12-25,AVN,6,4,25,14:00," ",P,TBFP,202212,10,3533.2
2023-11-02T18:45:42.716Z,2022-12-01,AVN,4,3,01,08:45," ",P,TBFP,202212,41,33800.81
2023-11-02T18:45:42.716Z,2022-12-06,AVN,2,2,06,16:00," ",P,TBFP,202212,112,36933.12
2023-11-02T18:45:42.716Z,2022-12-05,AVN,9,3,05,15:45," ",O,TBFP,202212,68,87453.44
2023-11-02T18:45:42.716Z,2022-12-03,AVN,4,1,03,16:00," ",P,TBFP,202212,470,129156
2023-11-02T18:45:42.716Z,2022-12-21,AVN,8,4,21,01:15," ",P,TBFP,202212,4,2041.4
2023-11-02T18:45:42.716Z,2022-12-11,AVN,12,2,11,00:15," ",O,TBFP,202212,1,108.35
2023-11-02T18:45:42.716Z,2022-12-13,TSC,102,2,13,01:30," ",S,TBFP,202212,4,4240
2023-11-02T18:45:42.716Z,2022-12-08,AVN,11,4,08,17:45," ",P,TBFP,202212,17,4004.35
2023-11-02T18:45:42.716Z,2022-12-14,AVN,6,3,14,03:15," ",P,TBFP,202212,20,21199
2023-11-02T18:45:42.716Z,2022-12-18,AVN,12,1,18,00:45," ",O,TBFP,202212,256,13870.08
2023-11-02T18:45:42.716Z,2022-12-21,AVN,15,1,21,15:45," ",P,TBFP,202212,733,80571.36
2023-11-02T18:45:42.716Z,2022-12-05,AVN,14,1,05,08:00," ",O,TS,202212,1011,1145442.78
2023-11-02T18:45:42.716Z,2022-12-06,AVN,15,4,06,00:15," ",P,TBFP,202212,4,439.68
2023-11-02T18:45:42.716Z,2022-12-07,AVN,12,1,07,17:00," ",O,TBFP,202212,1201,65070.18
2023-11-02T18:45:42.716Z,2022-12-17,AVN,9,3,17,10:45," ",O,TBFP,202212,42,54015.36
2023-11-02T18:45:42.716Z,2022-12-23,AVN,6,1,23,21:15," ",P,TBFP,202212,313,110589.16
2023-11-02T18:45:42.716Z,2022-12-02,AVN,8,2,02,07:15," ",P,TBFP,202212,58,59200.6
2023-11-02T18:45:42.716Z,2022-12-06,AVN,2,1,06,07:00," ",P,TBFP,202212,519,85572.72
2023-11-02T18:45:42.716Z,2022-12-16,AVN,1,1,16,03:45," ",O,TBFP,202212,80,7537.6
2023-11-02T18:45:42.716Z,2022-12-02,TSC,101,4,02,00:15," ",N,TBFP,202212,3,1326
2023-11-02T18:45:42.716Z,2022-12-09,AVN,13,3,09,06:15," ",P,TBFP,202212,5,4828.65
2023-11-02T18:45:42.716Z,2022-12-16,AVN,4,3,16,03:45," ",P,TBFP,202212,25,20610.25
2023-11-02T18:45:42.716Z,2022-12-31,AVN,6,2,31,14:30," ",P,TBFP,202212,7,4946.48
2023-11-02T18:45:42.716Z,2022-12-22,AVN,5,4,22,22:15," ",O,TBFP,202212,3,1059.96
2023-11-02T18:45:42.716Z,2022-12-17,AVN,1,2,17,17:00," ",O,TBFP,202212,29,5464.76
2023-11-02T18:45:42.716Z,2022-12-23,AVN,4,3,23,10:15," ",P,TBFP,202212,60,49464.6
2023-11-02T18:45:42.716Z,2022-12-19,AVN,17,1,19,08:45," ",P,TBFP,202212,760,232719.6
2023-11-02T18:45:42.716Z,2022-12-16,AVN,3,2,16,03:45," ",O,TBFP,202212,7,3847.27
2023-11-02T18:45:42.716Z,2022-12-21,AVN,14,2,21,01:15," ",O,TBFP,202212,1,755.31
2023-11-02T18:45:42.716Z,2022-12-14,AVN,9,2,14,21:15," ",O,TBFP,202212,30,25721.4
2023-11-02T18:45:42.716Z,2022-12-15,AVN,13,2,15,09:15," ",P,TBFP,202212,53,34122.46
2023-11-02T18:45:42.716Z,2022-12-25,TSC,102,4,25,23:00," ",S,TBFP,202212,1,353
2023-11-02T18:45:42.716Z,2022-12-29,AVN,12,3,29,17:45," ",O,TBP,202212,8,2600.4
2023-11-02T18:45:42.716Z,2022-12-27,AVN,2,4,27,16:00," ",P,TBFP,202212,29,4781.52
2023-11-02T18:45:42.716Z,2023-05-04,AVN,11,4,04,23:30," ",P,TBFP,202305,5,1256.05
2023-11-02T18:45:42.716Z,2023-05-01,AVN,11,2,01,16:30," ",P,TBFP,202305,7,3516.94
2023-11-02T18:45:42.716Z,2023-05-23,AVN,15,4,23,23:45," ",P,TBFP,202305,3,351.69
2023-11-02T18:45:42.716Z,2023-05-29,AVN,7,2,29,15:00," ",O,TBFP,202305,83,14456.11
2023-11-02T18:45:42.716Z,2023-05-30,AVN,9,3,30,15:30," ",O,TBFP,202305,60,82296
2023-11-02T18:45:42.716Z,2023-05-10,AVN,1,4,10,17:45," ",O,TBFP,202305,31,3114.88
2023-11-02T18:45:42.716Z,2023-05-15,AVN,8,1,15,15:15," ",P,TBFP,202305,557,303163.96
2023-11-02T18:45:42.716Z,2023-05-14,AVN,7,1,14,02:30," ",O,TBFP,202305,76,6618.84
2023-11-02T18:45:42.716Z,2023-05-24,AVN,12,3,24,15:45," ",O,TBFP,202305,11,1906.63
2023-11-02T18:45:42.716Z,2023-05-01,AVN,11,4,01,18:00," ",P,TBFP,202305,14,3516.94
2023-11-02T18:45:42.716Z,2023-05-12,AVN,3,3,12,12:15," ",O,TBFP,202305,80,70338.4
2023-11-02T18:45:42.716Z,2023-05-12,TSC,101,2,12,21:30," ",N,TBFP,202305,4,5652
2023-11-02T18:45:42.716Z,2023-05-26,AVN,4,4,26,18:45," ",P,TS,202305,8,7033.92
2023-11-02T18:45:42.716Z,2023-05-28,AVN,1,3,28,00:15," ",O,TBFP,202305,4,1205.8
2023-11-02T18:45:42.716Z,2023-05-30,AVN,17,2,30,08:30," ",P,TBFP,202305,101,65967.14
2023-11-02T18:45:42.716Z,2023-05-06,AVN,16,4,06,14:45," ",O,TBFP,202305,8,3215.44
2023-11-02T18:45:42.716Z,2023-05-17,AVN,1,1,17,00:30," ",O,TBFP,202305,129,12961.92
2023-11-02T18:45:42.716Z,2023-05-10,AVN,7,4,10,10:15," ",O,TBFP,202305,12,1045.08
2023-11-02T18:45:42.716Z,2023-05-17,AVN,5,3,17,11:00," ",O,TBFP,202305,78,88174.32
2023-11-02T18:45:42.716Z,2023-05-23,AVN,17,4,23,14:15," ",P,TBFP,202305,13,4245.41
2023-11-02T18:45:42.716Z,2023-05-29,AVN,15,1,29,21:45," ",P,TBP,202305,231,54160.26
2023-11-02T18:45:42.716Z,2023-05-25,AVN,6,3,25,00:15," ",P,TBFP,202305,19,21478.36
2023-11-02T18:45:42.716Z,2023-05-06,AVN,1,2,06,13:45," ",O,TBFP,202305,46,9244.62
2023-11-02T18:45:42.716Z,2023-05-08,AVN,4,1,08,08:45," ",P,TBFP,202305,532,155918.56
2023-11-02T18:45:42.716Z,2023-05-16,AVN,5,3,16,21:30," ",O,TBFP,202305,37,41826.28
2023-11-02T18:45:42.716Z,2023-05-15,AVN,1,4,15,09:15," ",O,TBP,202305,12,2411.64
2023-11-02T18:45:42.716Z,2023-05-02,AVN,6,3,02,08:30," ",P,TBP,202305,40,90435.6
2023-11-02T18:45:42.716Z,2023-05-07,AVN,8,3,07,10:30," ",P,TBFP,202305,4,6531.4
2023-11-02T18:45:42.716Z,2023-05-14,AVN,2,4,14,21:30," ",P,TBFP,202305,11,1934.35
2023-11-02T18:45:42.716Z,2023-05-29,TSC,102,1,29,12:15," ",S,TBFP,202305,363,136851
2023-11-02T18:45:42.716Z,2023-05-24,TSC,102,1,24,16:00," ",S,TBFP,202305,419,157963
2023-11-02T18:45:42.716Z,2023-05-19,AVN,6,1,19,04:30," ",P,TBFP,202305,52,19594.12
2023-11-02T18:45:42.716Z,2023-05-18,TSC,101,4,18,23:00," ",N,TBFP,202305,3,1413
2023-11-02T18:45:42.716Z,2023-05-23,AVN,12,3,23,13:15," ",O,TBFP,202305,9,1559.97
2023-11-02T18:45:42.716Z,2023-05-22,AVN,12,2,22,06:15," ",O,TBFP,202305,36,4160.16
2023-11-02T18:45:42.716Z,2023-05-20,AVN,6,1,20,05:30," ",P,TBFP,202305,78,29391.18
2023-11-02T18:45:42.716Z,2023-05-28,AVN,2,2,28,04:00," ",P,TBFP,202305,1,351.69
2023-11-02T18:45:42.716Z,2023-05-08,AVN,17,1,08,16:45," ",P,TBP,202305,744,485936.16
2023-11-02T18:45:42.716Z,2023-05-17,AVN,15,3,17,03:30," ",P,TBFP,202305,5,1758.45
2023-11-02T18:45:42.716Z,2023-05-21,AVN,4,1,21,04:45," ",P,TBFP,202305,79,23153.32
2023-11-02T18:45:42.716Z,2023-05-03,AVN,13,4,03,13:00," ",P,TBFP,202305,14,4806.48
2023-11-02T18:45:42.716Z,2023-05-01,AVN,10,4,01,18:45," ",O,TBP,202305,8,4019.36
2023-11-02T18:45:42.716Z,2023-05-11,AVN,6,1,11,06:30," ",P,TBFP,202305,195,73477.95
2023-11-02T18:45:42.716Z,2023-05-25,AVN,6,3,25,13:15," ",P,TBFP,202305,73,82522.12
2023-11-02T18:45:42.716Z,2023-05-29,AVN,17,2,29,13:30," ",P,TBFP,202305,116,75764.24
2023-11-02T18:45:42.716Z,2023-05-21,AVN,2,3,21,09:00," ",P,TBFP,202305,1,527.54
2023-11-02T18:45:42.716Z,2023-05-18,AVN,16,1,18,16:00," ",O,TBFP,202305,622,250000.46
2023-11-02T18:45:42.716Z,2023-05-11,TSC,102,1,11,23:30," ",S,TBFP,202305,121,45617
2023-11-02T18:45:42.716Z,2023-05-13,AVN,12,1,13,21:15," ",O,TBFP,202305,529,30565.62
2023-11-02T18:45:42.716Z,2023-05-29,TSC,102,2,29,19:00," ",S,TBP,202305,10,16960
2023-11-02T18:45:42.716Z,2023-05-16,AVN,11,1,16,18:00," ",P,TBFP,202305,941,236388.61
2023-11-02T18:45:42.716Z,2023-05-26,AVN,11,3,26,12:45," ",P,TBFP,202305,18,13565.16
2023-11-02T18:45:42.716Z,2023-05-02,TSC,102,3,02,11:00," ",S,TBFP,202305,7,13188
2023-11-02T18:45:42.716Z,2023-05-21,AVN,3,1,21,09:30," ",O,TBFP,202305,230,67408.4
2023-11-02T18:45:42.716Z,2023-05-18,AVN,1,3,18,05:15," ",O,TBFP,202305,31,9344.95
2023-11-02T18:45:42.716Z,2023-05-05,AVN,2,4,05,13:15," ",P,TBFP,202305,14,2461.9
2023-11-02T18:45:42.716Z,2023-05-27,AVN,7,1,27,04:45," ",O,TBFP,202305,49,4267.41
2023-11-02T18:45:42.716Z,2023-05-27,AVN,12,1,27,15:00," ",O,TBFP,202305,633,36574.74
2023-11-02T18:45:42.716Z,2023-05-17,AVN,15,4,17,14:30," ",P,TBFP,202305,11,1289.53
2023-11-02T18:45:42.716Z,2023-05-29,AVN,15,1,29,09:00," ",P,TBFP,202305,762,89329.26
2023-11-02T18:45:42.716Z,2023-05-06,AVN,11,2,06,02:00," ",P,TBFP,202305,4,2009.68
2023-11-02T18:45:42.716Z,2023-05-23,AVN,12,3,23,13:00," ",O,TBFP,202305,10,1733.3
2023-11-02T18:45:42.716Z,2023-05-30,AVN,14,2,30,14:30," ",O,TBFP,202305,42,33832.68
2023-11-02T18:45:42.716Z,2023-05-09,AVN,6,4,09,23:15," ",P,TBFP,202305,5,1884.05
2023-11-02T18:45:42.716Z,2023-05-01,AVN,10,4,01,21:30," ",O,TBFP,202305,6,1507.26
2023-11-02T18:45:42.716Z,2023-05-17,TSC,102,2,17,11:30," ",S,TBFP,202305,25,28275
2023-11-02T18:45:42.716Z,2023-05-02,AVN,14,2,02,23:00," ",O,TBFP,202305,9,7249.86
2023-11-02T18:45:42.716Z,2023-05-19,AVN,7,2,19,18:00," ",O,TBP,202305,38,13236.92
2023-11-02T18:45:42.716Z,2023-05-20,AVN,1,2,20,07:45," ",O,TBFP,202305,47,9445.59
2023-11-02T18:45:42.716Z,2023-05-26,AVN,9,1,26,16:00," ",O,TBFP,202305,897,410108.4
2023-11-02T18:45:42.716Z,2023-05-18,AVN,11,1,18,20:00," ",P,TBFP,202305,648,162784.08
2023-11-02T18:45:42.716Z,2023-05-23,AVN,12,2,23,05:45," ",O,TBFP,202305,21,2426.76
2023-11-02T18:45:42.716Z,2023-05-27,AVN,10,1,27,13:00," ",O,TBFP,202305,778,195441.38
2023-11-02T18:45:42.716Z,2023-05-25,AVN,16,3,25,16:30," ",O,TBFP,202305,55,66319
2023-11-02T18:45:42.716Z,2023-05-26,AVN,15,1,26,08:15," ",P,TBFP,202305,906,106210.38
2023-11-02T18:45:42.716Z,2023-05-29,AVN,16,4,29,19:00," ",O,TBFP,202305,16,6430.88
2023-11-02T18:45:42.716Z,2023-05-11,AVN,4,3,11,11:15," ",P,TBFP,202305,70,61546.1
2023-11-02T18:45:42.716Z,2023-05-19,AVN,7,2,19,07:45," ",O,TBFP,202305,52,9056.84
2023-11-02T18:45:42.716Z,2023-05-25,AVN,16,4,25,07:15," ",O,TS,202305,40,48232.4
2023-11-02T18:45:42.716Z,2023-05-23,AVN,8,4,23,09:00," ",P,TBP,202305,17,18505.69
2023-11-02T18:45:42.716Z,2023-05-18,AVN,5,4,18,08:00," ",O,TBFP,202305,44,16579.64
2023-11-02T18:45:42.716Z,2023-05-31,AVN,1,1,31,01:45," ",O,TBFP,202305,71,7134.08
2023-11-02T18:45:42.716Z,2023-05-22,AVN,16,3,22,03:30," ",O,TBFP,202305,10,12058
2023-11-02T18:45:42.716Z,2023-05-15,TSC,102,1,15,15:45," ",S,TBFP,202305,383,144391
2023-11-02T18:45:42.716Z,2023-05-27,AVN,11,1,27,13:00," ",P,TBP,202305,793,398419.06
2023-11-02T18:45:42.716Z,2023-05-25,AVN,15,4,25,02:00," ",P,TBFP,202305,1,117.23
2023-11-02T18:45:42.716Z,2023-05-25,AVN,10,4,25,20:45," ",O,TBFP,202305,14,3516.94
2023-11-02T18:45:42.716Z,2023-05-31,AVN,11,1,31,09:15," ",P,TBFP,202305,835,209760.35
2023-11-02T18:45:42.716Z,2023-05-02,AVN,13,1,02,06:30," ",P,TBFP,202305,332,113982.24
2023-11-02T18:45:42.716Z,2023-05-26,TSC,102,3,26,23:45," ",S,TBFP,202305,2,3768
2023-11-02T18:45:42.716Z,2023-05-22,AVN,6,3,22,13:30," ",P,TBFP,202305,64,72348.16
2023-11-02T18:45:42.716Z,2023-05-16,AVN,1,2,16,21:15," ",O,TBFP,202305,24,4823.28
2023-11-02T18:45:42.716Z,2023-05-31,AVN,4,4,31,06:15," ",P,TBFP,202305,4,1172.32
2023-11-02T18:45:42.716Z,2023-05-05,AVN,15,3,05,11:45," ",P,TBFP,202305,10,3516.9
2023-11-02T18:45:42.716Z,2023-05-02,AVN,11,1,02,01:45," ",P,TBFP,202305,1,251.21
2023-11-02T18:45:42.716Z,2023-05-16,AVN,11,3,16,04:30," ",P,TBFP,202305,17,12811.54
2023-11-02T18:45:42.716Z,2023-05-31,AVN,8,2,31,12:30," ",P,TBFP,202305,134,145868.38
2023-11-02T18:45:42.716Z,2023-05-05,AVN,8,3,05,17:15," ",P,TBFP,202305,47,76743.95
2023-11-02T18:45:42.716Z,2023-05-27,AVN,15,1,27,11:45," ",P,TBFP,202305,651,76316.73
2023-11-02T18:45:42.716Z,2023-05-24,AVN,17,3,24,04:15," ",P,TBFP,202305,6,5878.26
2023-11-02T18:45:42.716Z,2023-05-25,AVN,6,2,25,05:45," ",P,TBFP,202305,43,32405.66
2023-11-02T18:45:42.716Z,2023-05-10,AVN,14,3,10,12:30," ",O,TBFP,202305,5,6041.55
2023-11-02T18:45:42.716Z,2023-05-14,AVN,12,2,14,04:00," ",O,TBFP,202305,2,231.12
2023-11-02T18:45:42.716Z,2023-05-15,AVN,7,3,15,12:45," ",O,TBFP,202305,65,16981.9
2023-11-02T18:45:42.716Z,2023-05-14,AVN,11,4,14,20:00," ",P,TBFP,202305,15,3768.15
2023-11-02T18:45:42.716Z,2023-05-17,AVN,7,1,17,12:45," ",O,TBFP,202305,442,38493.78
2023-11-02T18:45:42.716Z,2023-05-28,AVN,17,2,28,02:00," ",P,TBFP,202305,2,1306.28
2023-11-02T18:45:42.716Z,2023-05-06,TSC,101,4,06,05:45," ",N,TBFP,202305,1,471
2023-11-02T18:45:42.716Z,2023-05-27,AVN,10,1,27,01:45," ",O,TBFP,202305,122,30647.62
2023-11-02T18:45:42.716Z,2023-05-21,AVN,1,2,21,00:15," ",O,TBFP,202305,5,1004.85
2023-11-02T18:45:42.716Z,2023-05-06,AVN,7,4,06,09:15," ",O,TBFP,202305,6,522.54
2023-11-02T18:45:42.716Z,2023-05-06,AVN,4,3,06,20:30," ",P,TBP,202305,10,17584.7
2023-11-02T18:45:42.716Z,2023-05-17,AVN,6,3,17,07:00," ",P,TBFP,202305,62,70087.28
2023-11-02T18:45:42.716Z,2023-05-28,AVN,16,1,28,16:45," ",O,TBFP,202305,617,247990.81
2023-11-02T18:45:42.716Z,2023-05-28,AVN,14,3,28,16:45," ",O,TBFP,202305,1,1208.31
2023-11-02T18:45:42.716Z,2023-05-08,AVN,11,3,08,02:30," ",P,TBFP,202305,12,9043.44
2023-11-02T18:45:42.716Z,2023-05-28,AVN,11,3,28,00:30," ",P,TBFP,202305,2,1507.24
2023-11-02T18:45:42.716Z,2023-05-30,AVN,10,1,30,22:45," ",O,TBFP,202305,203,50995.63
2023-11-02T18:45:42.716Z,2023-05-02,AVN,6,4,02,00:45," ",P,TBFP,202305,1,376.81
2023-11-02T18:45:42.716Z,2023-05-10,TSC,102,4,10,01:15," ",S,TBFP,202305,1,377
2023-11-02T18:45:42.716Z,2023-05-03,TSC,102,4,03,20:15," ",S,TBP,202305,9,5085
2023-11-02T18:45:42.716Z,2023-05-15,AVN,1,1,15,10:00," ",O,TBP,202305,551,110734.47
2023-11-02T18:45:42.716Z,2023-05-28,AVN,5,1,28,15:45," ",O,TBFP,202305,250,94202.5
2023-11-02T18:45:42.716Z,2023-05-28,AVN,16,4,28,08:00," ",O,TBFP,202305,3,1205.79
2023-11-02T18:45:42.716Z,2023-05-03,AVN,13,4,03,08:00," ",P,TBFP,202305,21,7209.72
2023-11-02T18:45:42.716Z,2023-05-21,AVN,6,3,21,06:15," ",P,TBFP,202305,19,21478.36
2023-11-02T18:45:42.716Z,2023-05-18,AVN,6,1,18,07:30," ",P,TBP,202305,511,385104.93
2023-11-02T18:45:42.716Z,2023-05-30,AVN,8,4,30,23:15," ",P,TBFP,202305,3,1632.84
2023-11-02T18:45:42.716Z,2023-05-28,AVN,10,2,28,07:15," ",O,TBFP,202305,9,4521.78
2023-11-02T18:45:42.716Z,2023-05-17,TSC,102,4,17,22:00," ",S,TBFP,202305,8,3016
2023-11-02T18:45:42.716Z,2023-05-05,AVN,10,1,05,09:45," ",O,TBFP,202305,901,226340.21
2023-11-02T18:45:42.716Z,2023-05-17,AVN,10,1,17,00:30," ",O,TBFP,202305,89,22357.69
2023-11-02T18:45:42.716Z,2023-05-15,AVN,14,4,15,22:45," ",O,TBFP,202305,3,1208.31
2023-11-02T18:45:42.716Z,2023-05-25,AVN,2,4,25,10:00," ",P,TBFP,202305,8,1406.8
2023-11-02T18:45:42.716Z,2023-05-21,TSC,101,1,21,20:45," ",N,TBFP,202305,267,125757
2023-11-02T18:45:42.716Z,2023-05-18,AVN,2,3,18,11:15," ",P,TBFP,202305,120,63304.8
2023-11-02T18:45:42.716Z,2023-05-03,AVN,12,2,03,01:30," ",O,TBFP,202305,3,346.68
2023-11-02T18:45:42.716Z,2023-05-16,AVN,9,1,16,02:15," ",O,TBFP,202305,30,13716
2023-11-02T18:45:42.716Z,2023-05-15,AVN,9,2,15,05:15," ",O,TBFP,202305,15,13716
2023-11-02T18:45:42.716Z,2023-05-03,TSC,102,1,03,16:45," ",S,TBFP,202305,439,165503
2023-11-02T18:45:42.716Z,2023-05-08,AVN,16,1,08,18:30," ",O,TBFP,202305,604,242765.72
2023-11-02T18:45:42.716Z,2023-05-13,TSC,101,2,13,00:15," ",N,TBFP,202305,4,5652
2023-11-02T18:45:42.716Z,2023-05-24,AVN,11,3,24,15:45," ",P,TBFP,202305,29,21854.98
2023-11-02T18:45:42.716Z,2023-05-25,AVN,10,4,25,07:00," ",O,TBFP,202305,29,7285.09
2023-11-02T18:45:42.716Z,2023-05-11,AVN,16,3,11,11:00," ",O,TBFP,202305,95,114551
2023-11-02T18:45:42.716Z,2023-05-11,AVN,14,1,11,23:15," ",O,TBFP,202305,160,64443.2
2023-11-02T18:45:42.716Z,2023-05-19,AVN,1,1,19,21:00," ",O,TBFP,202305,645,64809.6
2023-11-02T18:45:42.716Z,2023-05-30,AVN,12,4,30,12:15," ",O,TBFP,202305,16,924.48
2023-11-02T18:45:42.716Z,2023-05-31,AVN,2,3,31,00:00," ",P,TBFP,202305,13,6858.02
2023-11-02T18:45:42.716Z,2023-05-03,AVN,6,1,03,14:15," ",P,TBFP,202305,416,156752.96
2023-11-02T18:45:42.716Z,2023-05-05,AVN,9,4,05,23:00," ",O,TBFP,202305,6,2743.2
2023-11-02T18:45:42.716Z,2023-05-04,AVN,13,2,04,20:15," ",P,TBP,202305,17,23345.76
2023-11-02T18:45:42.716Z,2023-05-29,AVN,14,4,29,08:30," ",O,TBP,202305,44,35444.2
2023-11-02T18:45:42.716Z,2023-05-17,AVN,7,3,17,18:15," ",O,TBP,202305,40,20900.8
2023-11-02T18:45:42.716Z,2023-05-21,AVN,12,1,21,11:30," ",O,TBFP,202305,447,25827.66
2023-11-02T18:45:42.716Z,2023-05-31,AVN,16,3,31,12:45," ",O,TBFP,202305,76,91640.8
2023-11-02T18:45:42.716Z,2023-05-24,AVN,12,4,24,22:00," ",O,TBFP,202305,10,577.8
2023-11-02T18:45:42.716Z,2023-05-20,AVN,2,2,20,22:30," ",P,TBFP,202305,9,3165.21
2023-11-02T18:45:42.716Z,2023-05-17,AVN,9,4,17,21:45," ",O,TBFP,202305,5,2286
2023-11-02T18:45:42.716Z,2023-05-31,TSC,102,1,31,11:30," ",S,TBFP,202305,413,155701
2023-11-02T18:45:42.716Z,2023-05-12,AVN,12,4,12,12:45," ",O,TBFP,202305,21,1213.38
2023-11-02T18:45:42.716Z,2023-05-12,AVN,6,4,12,22:00," ",P,TBFP,202305,14,5275.34
2023-11-02T18:45:42.716Z,2023-05-08,AVN,13,1,08,19:00," ",P,TBP,202305,1060,727838.4
2023-11-02T18:45:42.716Z,2023-05-14,AVN,3,3,14,21:30," ",O,TBP,202305,28,49237.16
2023-11-02T18:45:42.716Z,2023-05-30,AVN,4,2,30,12:00," ",P,TBFP,202305,95,55684.25
2023-11-02T18:45:42.716Z,2023-05-07,AVN,2,1,07,21:45," ",P,TBFP,202305,432,75967.2
2023-11-02T18:45:42.716Z,2023-05-19,AVN,16,3,19,02:45," ",O,TBFP,202305,14,16881.2
2023-11-02T18:45:42.716Z,2023-05-15,AVN,5,4,15,21:15," ",O,TBFP,202305,5,1884.05
2023-11-02T18:45:42.716Z,2023-05-24,AVN,9,1,24,18:00," ",O,TBP,202305,1003,917143.2
2023-11-02T18:45:42.716Z,2023-05-03,AVN,6,1,03,16:15," ",P,TBFP,202305,492,185390.52
2023-11-02T18:45:42.716Z,2023-05-02,AVN,3,3,02,19:00," ",O,TBFP,202305,46,40444.58
2023-11-02T18:45:42.716Z,2023-05-27,AVN,14,1,27,00:00," ",O,TBFP,202305,151,60818.27
2023-11-02T18:45:42.716Z,2023-05-27,TSC,101,2,27,01:30," ",N,TBFP,202305,2,2826
2023-11-02T18:45:42.716Z,2023-05-19,AVN,3,2,19,04:45," ",O,TBFP,202305,14,8206.1
2023-11-02T18:45:42.716Z,2023-05-16,AVN,9,3,16,23:45," ",O,TBFP,202305,23,31546.8
2023-11-02T18:45:42.716Z,2023-05-28,TSC,102,2,28,16:30," ",S,TBFP,202305,4,4524
2023-11-02T18:45:42.716Z,2023-05-19,AVN,6,3,19,14:15," ",P,TBFP,202305,71,80261.24
2023-11-02T18:45:42.716Z,2023-05-11,AVN,3,1,11,16:30," ",O,TBFP,202305,548,160607.84
2023-11-02T18:45:42.716Z,2023-05-17,AVN,14,4,17,20:30," ",O,TBFP,202305,9,3624.93
2023-11-02T18:45:42.716Z,2023-05-13,AVN,17,3,13,07:30," ",P,TBFP,202305,28,27431.88
2023-11-02T18:45:42.716Z,2023-05-25,AVN,2,2,25,03:15," ",P,TBFP,202305,7,2461.83
2023-11-02T18:45:42.716Z,2023-05-03,AVN,2,2,03,23:30," ",P,TBFP,202305,18,6330.42
2023-11-02T18:45:42.716Z,2023-05-08,AVN,13,4,08,02:30," ",P,TBFP,202305,1,343.32
2023-11-02T18:45:42.716Z,2023-05-17,AVN,3,3,17,08:45," ",O,TBP,202305,75,131885.25
2023-11-02T18:45:42.716Z,2023-05-28,AVN,4,1,28,01:30," ",P,TBFP,202305,147,43082.76
2023-11-02T18:45:42.716Z,2023-05-28,TSC,101,2,28,10:15," ",N,TBFP,202305,6,8478
2023-11-02T18:45:42.716Z,2023-05-04,AVN,5,1,04,03:45," ",O,TBFP,202305,38,14318.78
2023-11-02T18:45:42.716Z,2023-05-03,AVN,14,1,03,18:15," ",O,TBP,202305,977,787022.35
2023-11-02T18:45:42.716Z,2023-05-12,AVN,13,1,12,09:45," ",P,TBFP,202305,632,216978.24
2023-11-02T18:45:42.716Z,2023-05-25,AVN,10,2,25,06:00," ",O,TBFP,202305,57,28637.94
2023-11-02T18:45:42.716Z,2023-05-21,AVN,8,3,21,03:00," ",P,TBFP,202305,14,22859.9
2023-11-02T18:45:42.716Z,2023-05-03,AVN,6,2,03,19:45," ",P,TBFP,202305,18,13565.16
2023-11-02T18:45:42.716Z,2023-05-29,TSC,101,4,29,20:30," ",N,TBFP,202305,3,1413
2023-11-02T18:45:42.716Z,2023-05-21,AVN,6,4,21,22:30," ",P,TBFP,202305,2,753.62
2023-11-02T18:45:42.716Z,2023-05-25,AVN,4,4,25,12:00," ",P,TBFP,202305,7,2051.56
2023-11-02T18:45:42.716Z,2023-05-20,AVN,2,3,20,11:45," ",P,TBFP,202305,39,20574.06
2023-11-02T18:45:42.716Z,2023-05-06,AVN,6,1,06,02:00," ",P,TBFP,202305,59,22231.79
2023-11-02T18:45:42.716Z,2023-05-01,AVN,9,2,01,21:30," ",O,TBFP,202305,12,10972.8
2023-11-02T18:45:42.716Z,2023-05-22,AVN,13,4,22,15:15," ",P,TBFP,202305,6,2059.92
2023-11-02T18:45:42.716Z,2023-05-23,AVN,6,4,23,21:15," ",P,TBFP,202305,3,1130.43
2023-11-02T18:45:42.716Z,2023-05-20,TSC,102,1,20,17:15," ",S,TBFP,202305,393,148161
2023-11-02T18:45:42.716Z,2023-05-21,AVN,4,1,21,00:15," ",P,TBFP,202305,202,59202.16
2023-11-02T18:45:42.716Z,2023-05-30,AVN,11,1,30,10:30," ",P,TBFP,202305,710,178359.1
2023-11-02T18:45:42.716Z,2023-05-01,AVN,13,3,01,04:15," ",P,TBFP,202305,3,3089.85
2023-11-02T18:45:42.716Z,2023-05-17,AVN,9,1,17,06:30," ",O,TBFP,202305,474,216712.8
2023-11-02T18:45:42.716Z,2023-05-08,AVN,12,1,08,20:45," ",O,TBFP,202305,338,19529.64
2023-11-02T18:45:42.716Z,2023-05-30,AVN,6,4,30,07:45," ",P,TBP,202305,17,12811.71
2023-11-02T18:45:42.716Z,2023-05-01,AVN,14,2,01,06:15," ",O,TBFP,202305,6,4833.24
2023-11-02T18:45:42.716Z,2023-05-01,TSC,101,1,01,07:30," ",N,TBFP,202305,60,28260
2023-11-02T18:45:42.716Z,2023-05-07,AVN,11,1,07,21:15," ",P,TBP,202305,419,210513.98
2023-11-02T18:45:42.716Z,2023-05-02,AVN,6,2,02,04:00," ",P,TBFP,202305,6,4521.72
2023-11-02T18:45:42.716Z,2023-05-27,AVN,8,3,27,23:15," ",P,TBFP,202305,17,27758.45
2023-11-02T18:45:42.716Z,2023-05-28,AVN,2,2,28,05:30," ",P,TBFP,202305,1,351.69
2023-11-02T18:45:42.716Z,2023-05-13,AVN,16,4,13,22:30," ",O,TBFP,202305,5,2009.65
2023-11-02T18:45:42.716Z,2023-05-31,AVN,4,3,31,08:15," ",P,TBFP,202305,38,33410.74
2023-11-02T18:45:42.716Z,2023-05-04,AVN,9,3,04,18:30," ",O,TBP,202305,47,128930.87
2023-11-02T18:45:42.716Z,2023-05-03,AVN,9,1,03,12:00," ",O,TBFP,202305,636,290779.2
2023-11-02T18:45:42.716Z,2023-05-26,AVN,16,3,26,09:15," ",O,TBP,202305,84,202575.24
2023-11-02T18:45:42.716Z,2023-05-15,AVN,17,3,15,09:15," ",P,TBFP,202305,54,52904.34
2023-11-02T18:45:42.716Z,2023-05-23,AVN,16,4,23,07:00," ",O,TS,202305,44,53055.64
2023-11-02T18:45:42.716Z,2023-05-26,AVN,13,4,26,09:00," ",P,TBFP,202305,17,5836.44
2023-11-02T18:45:42.716Z,2023-05-07,AVN,13,4,07,17:45," ",P,TBFP,202305,13,4463.16
2023-11-02T18:45:42.716Z,2023-05-29,AVN,6,3,29,15:15," ",P,TBFP,202305,71,80261.24
2023-11-02T18:45:42.716Z,2023-05-30,AVN,8,4,30,22:45," ",P,TBFP,202305,4,2177.12
2023-11-02T18:45:42.716Z,2023-05-08,AVN,13,3,08,15:45," ",P,TBFP,202305,10,10299.5
2023-11-02T18:45:42.716Z,2023-05-07,AVN,17,4,07,21:00," ",P,TBFP,202305,14,4571.98
2023-11-02T18:45:42.716Z,2023-05-07,AVN,13,1,07,21:45," ",P,TBFP,202305,257,88233.24
2023-11-02T18:45:42.716Z,2023-05-22,AVN,13,2,22,12:30," ",P,TBFP,202305,68,46691.52
2023-11-02T18:45:42.716Z,2023-05-28,AVN,11,2,28,09:00," ",P,TBFP,202305,7,3516.94
2023-11-02T18:45:42.716Z,2023-05-18,AVN,13,4,18,11:15," ",P,TBFP,202305,11,3776.52
2023-11-02T18:45:42.716Z,2023-05-11,AVN,16,3,11,10:30," ",O,TBP,202305,95,229102.95
2023-11-02T18:45:42.716Z,2023-05-22,AVN,9,2,22,06:15," ",O,TBFP,202305,58,53035.2
2023-11-02T18:45:42.716Z,2023-05-19,AVN,1,2,19,14:15," ",O,TBFP,202305,70,14067.9
2023-11-02T18:45:42.716Z,2023-05-21,AVN,5,3,21,13:45," ",O,TBFP,202305,7,7913.08
2023-11-02T18:45:42.716Z,2023-05-06,AVN,1,2,06,23:30," ",O,TBFP,202305,6,1205.82
2023-11-02T18:45:42.716Z,2023-05-27,AVN,17,4,27,02:30," ",P,TBFP,202305,3,979.71
2023-11-02T18:45:42.716Z,2023-05-17,AVN,9,4,17,07:45," ",O,TBFP,202305,38,17373.6
2023-11-02T18:45:42.716Z,2023-05-27,AVN,2,4,27,22:30," ",P,TBFP,202305,9,1582.65
2023-11-02T18:45:42.716Z,2023-05-05,AVN,13,1,05,08:30," ",P,TBFP,202305,843,289418.76
2023-11-02T18:45:42.716Z,2023-05-10,AVN,6,2,10,04:45," ",P,TBFP,202305,23,17333.26
2023-11-02T18:45:42.716Z,2023-05-07,AVN,7,4,07,12:30," ",O,TBFP,202305,5,435.45
2023-11-02T18:45:42.716Z,2023-05-11,AVN,13,1,11,21:00," ",P,TBP,202305,501,344006.64
2023-11-02T18:45:42.716Z,2023-05-19,AVN,16,3,19,18:45," ",O,TBFP,202305,35,42203
2023-11-02T18:45:42.716Z,2023-05-01,AVN,11,1,01,08:00," ",P,TBFP,202305,117,29391.57
2023-11-02T18:45:42.716Z,2023-05-03,AVN,4,4,03,00:00," ",P,TBFP,202305,2,586.16
2023-11-02T18:45:42.716Z,2023-05-08,AVN,7,4,08,21:45," ",O,TBFP,202305,9,783.81
2023-11-02T18:45:42.716Z,2023-05-04,AVN,9,3,04,05:00," ",O,TBFP,202305,20,27432
2023-11-02T18:45:42.716Z,2023-05-20,AVN,13,1,20,05:45," ",P,TBFP,202305,63,21629.16
2023-11-02T18:45:42.716Z,2023-05-18,AVN,9,4,18,06:00," ",O,TBFP,202305,6,2743.2
2023-11-02T18:45:42.716Z,2023-05-05,AVN,15,1,05,20:00," ",P,TBP,202305,641,150288.86
2023-11-02T18:45:42.716Z,2023-05-11,AVN,14,2,11,21:00," ",O,TBFP,202305,9,7249.86
2023-11-02T18:45:42.716Z,2023-05-29,AVN,3,4,29,05:15," ",O,TBFP,202305,3,879.24
2023-11-02T18:45:42.716Z,2023-05-14,AVN,13,3,14,20:00," ",P,TBFP,202305,1,1029.95
2023-11-02T18:45:42.716Z,2023-05-26,AVN,10,3,26,00:45," ",O,TBFP,202305,8,6028.96
2023-11-02T18:45:42.716Z,2023-05-03,TSC,101,4,03,16:00," ",N,TBFP,202305,11,5181
2023-11-02T18:45:42.716Z,2023-05-21,AVN,17,2,21,06:00," ",P,TBFP,202305,8,5225.12
2023-11-02T18:45:42.716Z,2023-05-04,AVN,10,4,04,21:15," ",O,TBFP,202305,9,2260.89
2023-11-02T18:45:42.716Z,2023-05-11,AVN,8,4,11,08:30," ",P,TBP,202305,22,23948.54
2023-11-02T18:45:42.716Z,2023-05-18,AVN,14,4,18,17:00," ",O,TBFP,202305,15,6041.55
2023-11-02T18:45:42.716Z,2023-05-15,AVN,17,3,15,20:30," ",P,TBFP,202305,25,24492.75
2023-11-02T18:45:42.716Z,2023-05-17,AVN,17,2,17,00:30," ",P,TBFP,202305,6,3918.84
2023-11-02T18:45:42.716Z,2023-05-27,AVN,7,4,27,12:45," ",O,TBFP,202305,8,696.72
2023-11-02T18:45:42.716Z,2023-05-08,AVN,7,4,08,16:15," ",O,TBFP,202305,11,957.99
2023-11-02T18:45:42.716Z,2023-05-09,TSC,102,4,09,08:45," ",S,TBP,202305,15,8475
2023-11-02T18:45:42.716Z,2023-05-03,AVN,7,4,03,20:45," ",O,TBFP,202305,13,1132.17
2023-11-02T18:45:42.716Z,2023-05-07,AVN,11,2,07,21:45," ",P,TBP,202305,12,12058.08
2023-11-02T18:45:42.716Z,2023-05-28,AVN,10,3,28,20:15," ",O,TBP,202305,10,15072.6
2023-11-02T18:45:42.716Z,2023-05-20,AVN,1,1,20,08:15," ",O,TBFP,202305,488,49034.24
2023-11-02T18:45:42.716Z,2023-05-06,AVN,7,2,06,20:30," ",O,TBP,202305,3,1045.02
2023-11-02T18:45:42.716Z,2023-05-14,AVN,8,3,14,07:45," ",P,TBFP,202305,10,16328.5
2023-11-02T18:45:42.716Z,2023-05-15,TSC,102,4,15,22:45," ",S,TBFP,202305,4,1508
2023-11-02T18:45:42.716Z,2023-05-16,AVN,17,4,16,04:30," ",P,TBFP,202305,1,326.57
2023-11-02T18:45:42.716Z,2023-05-19,AVN,7,1,19,12:15," ",O,TBFP,202305,498,43370.82
2023-11-02T18:45:42.716Z,2023-05-25,AVN,3,2,25,01:45," ",O,TBFP,202305,7,4103.05
2023-11-02T18:45:42.716Z,2023-05-06,AVN,16,1,06,12:30," ",O,TBFP,202305,727,292203.11
2023-11-02T18:45:42.716Z,2023-05-11,AVN,1,3,11,13:15," ",O,TBFP,202305,85,25623.25
2023-11-02T18:45:42.716Z,2023-05-15,AVN,9,4,15,17:30," ",O,TBFP,202305,28,12801.6
2023-11-02T18:45:42.716Z,2023-05-11,AVN,12,2,11,18:45," ",O,TBP,202305,28,6471.08
2023-11-02T18:45:42.716Z,2023-05-17,AVN,2,4,17,15:45," ",P,TBFP,202305,14,2461.9
2023-11-02T18:45:42.716Z,2023-05-03,AVN,6,2,03,05:30," ",P,TBFP,202305,24,18086.88
2023-11-02T18:45:42.716Z,2023-05-24,AVN,3,3,24,07:15," ",O,TBFP,202305,72,63304.56
2023-11-02T18:45:42.716Z,2023-05-16,AVN,16,1,16,21:30," ",O,TBFP,202305,377,151527.61
2023-11-02T18:45:42.716Z,2023-05-29,AVN,8,3,29,16:15," ",P,TBFP,202305,48,78376.8
2023-11-02T18:45:42.716Z,2023-05-06,AVN,16,3,06,10:45," ",O,TBFP,202305,35,42203
2023-11-02T18:45:42.716Z,2023-05-14,AVN,6,4,14,00:45," ",P,TBFP,202305,1,376.81
2023-11-02T18:45:42.716Z,2023-05-16,AVN,13,1,16,08:45," ",P,TBFP,202305,960,329587.2
2023-11-02T18:45:42.716Z,2023-05-21,AVN,3,2,21,22:45," ",O,TBFP,202305,11,6447.65
2023-11-02T18:45:42.716Z,2023-05-06,AVN,9,4,06,08:45," ",O,TBFP,202305,21,9601.2
2023-11-02T18:45:42.716Z,2023-05-12,AVN,6,1,12,06:45," ",P,TBFP,202305,234,88173.54
2023-11-02T18:45:42.716Z,2023-05-07,AVN,8,4,07,08:30," ",P,TBFP,202305,2,1088.56
2023-11-02T18:45:42.716Z,2023-05-13,AVN,8,4,13,23:00," ",P,TBFP,202305,6,3265.68
2023-11-02T18:45:42.716Z,2023-05-28,AVN,14,1,28,14:30," ",O,TBFP,202305,505,203398.85
2023-11-02T18:45:42.716Z,2023-05-31,AVN,17,2,31,10:45," ",P,TBFP,202305,134,87520.76
2023-11-02T18:45:42.716Z,2023-05-25,AVN,4,3,25,06:30," ",P,TBFP,202305,31,27256.13
2023-11-02T18:45:42.716Z,2023-05-15,AVN,3,1,15,13:00," ",O,TBFP,202305,540,158263.2
2023-11-02T18:45:42.716Z,2023-05-30,AVN,8,1,30,11:00," ",P,TBFP,202305,503,273772.84
2023-11-02T18:45:42.716Z,2023-05-26,AVN,16,3,26,02:00," ",O,TBFP,202305,12,14469.6
2023-11-02T18:45:42.716Z,2023-05-23,AVN,11,3,23,08:15," ",P,TBP,202305,11,16579.86
2023-11-02T18:45:42.716Z,2023-05-29,AVN,10,4,29,08:45," ",O,TBP,202305,40,20096.8
2023-11-02T18:45:42.716Z,2023-05-20,AVN,16,3,20,16:30," ",O,TBFP,202305,20,24116
2023-11-02T18:45:42.716Z,2023-05-04,AVN,6,1,04,20:15," ",P,TBFP,202305,320,120579.2
2023-11-02T18:45:42.716Z,2023-05-10,AVN,9,2,10,06:15," ",O,TBFP,202305,57,52120.8
2023-11-02T18:45:42.716Z,2023-05-11,AVN,15,4,11,02:15," ",P,TBFP,202305,2,234.46
2023-11-02T18:45:42.716Z,2023-05-16,AVN,5,3,16,21:15," ",O,TBFP,202305,23,26000.12
2023-11-02T18:45:42.716Z,2023-05-12,AVN,14,4,12,08:15," ",O,TS,202305,46,55582.72
2023-11-02T18:45:42.716Z,2023-05-07,TSC,102,3,07,21:00," ",S,TBFP,202305,1,1884
2023-11-02T18:45:42.716Z,2023-05-26,AVN,9,1,26,17:15," ",O,TBFP,202305,1091,498805.2
2023-11-02T18:45:42.716Z,2023-05-31,AVN,3,1,31,19:00," ",O,TBFP,202305,514,150643.12
2023-11-02T18:45:42.716Z,2023-05-28,AVN,17,1,28,11:45," ",P,TBFP,202305,428,139771.96
2023-11-02T18:45:42.716Z,2023-05-05,AVN,12,2,05,18:45," ",O,TBP,202305,17,3928.87
2023-11-02T18:45:42.716Z,2023-05-16,AVN,4,3,16,07:30," ",P,TBFP,202305,48,42203.04
2023-11-02T18:45:42.716Z,2023-05-25,AVN,9,3,25,02:00," ",O,TBFP,202305,18,24688.8
2023-11-02T18:45:42.716Z,2023-05-22,AVN,8,2,22,14:15," ",P,TBFP,202305,95,103414.15
2023-11-02T18:45:42.716Z,2023-05-15,TSC,102,2,15,23:15," ",S,TBFP,202305,8,9048
2023-11-02T18:45:42.716Z,2023-05-20,AVN,10,2,20,20:00," ",O,TBP,202305,16,16077.44
2023-11-02T18:45:42.716Z,2023-05-03,AVN,3,2,03,01:45," ",O,TBFP,202305,1,586.15
2023-11-02T18:45:42.716Z,2023-05-16,AVN,15,1,16,07:00," ",P,TBFP,202305,550,64476.5
2023-11-02T18:45:42.716Z,2023-05-04,AVN,15,4,04,17:00," ",P,TBFP,202305,21,2461.83
2023-11-02T18:45:42.716Z,2023-05-11,AVN,14,4,11,07:30," ",O,TBP,202305,46,37055.3
2023-11-02T18:45:42.716Z,2023-05-01,AVN,3,2,01,17:30," ",O,TBFP,202305,7,4103.05
2023-11-02T18:45:42.716Z,2023-05-16,AVN,16,1,16,05:15," ",O,TBFP,202305,240,96463.2
2023-11-02T18:45:42.716Z,2023-05-28,AVN,17,3,28,18:30," ",P,TBFP,202305,6,5878.26
2023-11-02T18:45:42.716Z,2023-05-02,AVN,10,1,02,07:45," ",O,TBP,202305,1156,580797.52
2023-11-02T18:45:42.716Z,2023-05-24,AVN,15,3,24,00:15," ",P,TBFP,202305,1,351.69
2023-11-02T18:45:42.716Z,2023-05-05,AVN,12,3,05,06:30," ",O,TBFP,202305,8,1386.64
2023-11-02T18:45:42.716Z,2023-05-25,AVN,16,4,25,07:30," ",O,TS,202305,52,62702.12
2023-11-02T18:45:42.716Z,2023-05-03,AVN,7,4,03,15:45," ",O,TBFP,202305,11,957.99
2023-11-02T18:45:42.716Z,2023-05-14,AVN,11,1,14,07:00," ",P,TBFP,202305,131,32908.51
2023-11-02T18:45:42.716Z,2023-05-24,AVN,11,1,24,07:45," ",P,TBFP,202305,1158,290901.18
2023-11-02T18:45:42.716Z,2023-05-27,AVN,15,1,27,15:00," ",P,TBFP,202305,526,61662.98
2023-11-02T18:45:42.716Z,2023-05-03,AVN,7,2,03,10:30," ",O,TBFP,202305,108,18810.36
2023-11-02T18:45:42.716Z,2023-05-09,AVN,6,4,09,04:00," ",P,TBFP,202305,2,753.62
2023-11-02T18:45:42.716Z,2023-05-20,AVN,11,3,20,15:30," ",P,TBFP,202305,18,13565.16
2023-11-02T18:45:42.716Z,2023-05-11,AVN,12,2,11,02:15," ",O,TBFP,202305,1,115.56
2023-11-02T18:45:42.716Z,2023-05-16,AVN,14,2,16,09:45," ",O,TBFP,202305,70,56387.8
2023-11-02T18:45:42.716Z,2023-05-29,AVN,1,2,29,00:30," ",O,TBFP,202305,17,3416.49
2023-11-02T18:45:42.716Z,2023-05-30,AVN,9,1,30,07:00," ",O,TBFP,202305,903,412851.6
2023-11-02T18:45:42.716Z,2023-05-05,AVN,4,4,05,16:15," ",P,TBFP,202305,7,2051.56
2023-11-02T18:45:42.716Z,2023-05-17,AVN,2,1,17,19:00," ",P,TS,202305,725,382466.5
2023-11-02T18:45:42.716Z,2023-05-21,AVN,2,3,21,05:00," ",P,TBFP,202305,1,527.54
2023-11-02T18:45:42.716Z,2023-05-14,AVN,5,1,14,20:45," ",O,TBP,202305,450,339133.5
2023-11-02T18:45:42.716Z,2023-05-26,AVN,2,4,26,06:30," ",P,TBFP,202305,12,2110.2
2023-11-02T18:45:42.716Z,2023-05-28,AVN,5,2,28,12:15," ",O,TBFP,202305,9,6782.58
2023-11-02T18:45:42.716Z,2023-05-26,AVN,10,4,26,08:15," ",O,TBP,202305,63,31652.46
2023-11-02T18:45:42.716Z,2023-05-30,AVN,10,3,30,09:15," ",O,TBP,202305,38,57275.88
2023-11-02T18:45:42.716Z,2023-05-06,AVN,12,1,06,15:30," ",O,TBFP,202305,722,41717.16
2023-11-02T18:45:42.716Z,2023-05-04,AVN,6,2,04,00:30," ",P,TBFP,202305,7,5275.34
2023-11-02T18:45:42.716Z,2023-05-25,AVN,6,3,25,09:15," ",P,TBP,202305,63,142436.07
2023-11-02T18:45:42.716Z,2023-05-16,AVN,12,1,16,12:15," ",O,TBFP,202305,789,45588.42
2023-11-02T18:45:42.716Z,2023-05-15,TSC,101,1,15,04:45," ",N,TBFP,202305,22,10362
2023-11-02T18:45:42.716Z,2023-05-07,TSC,102,1,07,14:15," ",S,TBFP,202305,311,117247
2023-11-02T18:45:42.716Z,2023-05-24,AVN,8,2,24,15:15," ",P,TBFP,202305,109,118654.13
2023-11-02T18:45:42.716Z,2023-05-14,AVN,8,3,14,12:15," ",P,TBFP,202305,15,24492.75
2023-11-02T18:45:42.716Z,2023-05-25,AVN,5,2,25,15:00," ",O,TBFP,202305,86,64811.32
2023-11-02T18:45:42.716Z,2023-05-20,AVN,2,2,20,00:00," ",P,TBFP,202305,12,4220.28
2023-11-02T18:45:42.716Z,2023-05-09,AVN,14,2,09,21:15," ",O,TBFP,202305,9,7249.86
2023-11-02T18:45:42.716Z,2023-05-14,AVN,5,2,14,22:00," ",O,TBFP,202305,3,2260.86
2023-11-02T18:45:42.716Z,2023-05-10,AVN,14,4,10,11:00," ",O,TBFP,202305,11,4430.47
2023-11-02T18:45:42.716Z,2023-05-21,AVN,16,1,21,20:45," ",O,TBFP,202305,626,251608.18
2023-11-02T18:45:42.716Z,2023-05-10,AVN,5,4,10,14:45," ",O,TBFP,202305,6,2260.86
2023-11-02T18:45:42.716Z,2023-05-31,AVN,2,3,31,08:15," ",P,TBFP,202305,39,20574.06
2023-11-02T18:45:42.716Z,2023-05-03,AVN,4,3,03,20:00," ",P,TBFP,202305,21,18463.83
2023-11-02T18:45:42.716Z,2023-05-14,AVN,12,2,14,09:00," ",O,TBFP,202305,6,693.36
2023-11-02T18:45:42.716Z,2023-05-25,AVN,9,2,25,14:45," ",O,TBFP,202305,104,95097.6
2023-11-02T18:45:42.716Z,2023-05-14,AVN,8,4,14,19:45," ",P,TBFP,202305,12,6531.36
2023-11-02T18:45:42.716Z,2023-05-14,TSC,102,3,14,13:30," ",S,TBFP,202305,4,7536
2023-11-02T18:45:42.716Z,2023-05-15,AVN,1,4,15,19:00," ",O,TBFP,202305,19,1909.12
2023-11-02T18:45:42.716Z,2023-05-01,AVN,9,3,01,06:00," ",O,TBFP,202305,14,19202.4
2023-11-02T18:45:42.716Z,2023-05-04,AVN,13,2,04,02:15," ",P,TBFP,202305,4,2746.56
2023-11-02T18:45:42.716Z,2023-05-11,AVN,1,1,11,01:15," ",O,TBFP,202305,87,8741.76
2023-11-02T18:45:42.716Z,2023-05-04,AVN,9,1,04,22:15," ",O,TBFP,202305,222,101498.4
2023-11-02T18:45:42.716Z,2023-05-06,AVN,14,1,06,22:30," ",O,TBFP,202305,260,104720.2
2023-11-02T18:45:42.716Z,2023-05-26,AVN,1,4,26,14:00," ",O,TBFP,202305,15,1507.2
2023-11-02T18:45:42.716Z,2023-05-21,AVN,13,1,21,02:15," ",P,TBFP,202305,127,43601.64
2023-11-02T18:45:42.716Z,2023-05-12,AVN,4,3,12,04:45," ",P,TBFP,202305,10,8792.3
2023-11-02T18:45:42.716Z,2023-05-15,AVN,2,2,15,16:00," ",P,TBFP,202305,93,32707.17
2023-11-02T18:45:42.716Z,2023-05-24,AVN,7,4,24,04:45," ",O,TBFP,202305,3,261.27
2023-11-02T18:45:42.716Z,2023-05-23,AVN,12,3,23,15:00," ",O,TBFP,202305,10,1733.3
2023-11-02T18:45:42.716Z,2023-05-28,AVN,14,2,28,09:00," ",O,TBFP,202305,2,1611.08
2023-11-02T18:45:42.716Z,2023-05-13,AVN,15,2,13,19:45," ",P,TBFP,202305,6,1406.76
2023-11-02T18:45:42.716Z,2023-05-06,TSC,101,4,06,00:15," ",N,TBFP,202305,1,471
2023-11-02T18:45:42.716Z,2023-05-16,TSC,102,2,16,08:45," ",S,TBP,202305,19,32224
2023-11-02T18:45:42.716Z,2023-05-31,AVN,1,2,31,23:15," ",O,TBFP,202305,16,3215.52
2023-11-02T18:45:42.716Z,2023-05-27,AVN,14,4,27,10:30," ",O,TBFP,202305,9,3624.93
2023-11-02T18:45:42.716Z,2023-05-28,AVN,1,4,28,22:15," ",O,TBFP,202305,8,803.84
2023-11-02T18:45:42.716Z,2023-05-10,AVN,2,2,10,05:30," ",P,TBFP,202305,41,14419.29
2023-11-02T18:45:42.716Z,2023-05-22,TSC,102,1,22,10:15," ",S,TBFP,202305,326,122902
2023-11-02T18:45:42.716Z,2023-05-14,TSC,101,1,14,22:15," ",N,TBFP,202305,167,78657
2023-11-02T18:45:42.716Z,2023-05-15,AVN,14,2,15,02:30," ",O,TBFP,202305,2,1611.08
2023-11-02T18:45:42.716Z,2023-05-29,AVN,10,4,29,09:00," ",O,TBP,202305,27,13565.34
2023-11-02T18:45:42.716Z,2023-05-31,AVN,6,4,31,08:30," ",P,TBP,202305,3,2260.89
2023-11-02T18:45:42.716Z,2023-05-02,AVN,6,2,02,12:15," ",P,TBFP,202305,104,78376.48
2023-11-02T18:45:42.716Z,2023-05-09,AVN,16,2,09,07:15," ",O,TS,202305,56,135050.72
2023-11-02T18:45:42.716Z,2023-05-18,AVN,9,2,18,01:00," ",O,TBFP,202305,5,4572
2023-11-02T18:45:42.716Z,2023-05-21,AVN,15,1,21,19:30," ",P,TBFP,202305,426,49939.98
2023-11-02T18:45:42.716Z,2023-05-30,AVN,16,4,30,15:30," ",O,TBFP,202305,4,1607.72
2023-11-02T18:45:42.716Z,2023-05-06,AVN,6,2,06,14:15," ",P,TBFP,202305,15,11304.3
2023-11-02T18:45:42.716Z,2023-05-05,AVN,2,2,05,01:15," ",P,TBFP,202305,9,3165.21
2023-11-02T18:45:42.716Z,2023-05-12,AVN,9,1,12,21:00," ",O,TBFP,202305,365,166878
2023-11-02T18:45:42.716Z,2023-05-16,AVN,9,3,16,14:00," ",O,TBFP,202305,61,83667.6
2023-11-02T18:45:42.716Z,2023-05-14,AVN,5,4,14,16:30," ",O,TBFP,202305,6,2260.86
2023-11-02T18:45:42.716Z,2023-05-25,AVN,17,2,25,15:00," ",P,TBFP,202305,115,75111.1
2023-11-02T18:45:42.716Z,2023-05-05,AVN,15,4,05,19:00," ",P,TBP,202305,15,3516.9
2023-11-02T18:45:42.716Z,2023-05-23,AVN,7,1,23,01:00," ",O,TBFP,202305,94,8186.46
2023-11-02T18:45:42.716Z,2023-05-19,AVN,1,3,19,18:45," ",O,TBFP,202305,33,9947.85
2023-11-02T18:45:42.716Z,2023-05-31,AVN,5,2,31,17:00," ",O,TBFP,202305,90,67825.8
2023-11-02T18:45:42.716Z,2023-05-04,AVN,6,4,04,21:00," ",P,TBFP,202305,5,1884.05
2023-11-02T18:45:42.716Z,2023-05-05,AVN,7,3,05,00:30," ",O,TBFP,202305,22,5747.72
2023-11-02T18:45:42.716Z,2023-05-21,AVN,11,1,21,15:15," ",P,TBFP,202305,403,101237.63
2023-11-02T18:45:42.716Z,2023-05-31,AVN,11,1,31,14:45," ",P,TBFP,202305,737,185141.77
2023-11-02T18:45:42.716Z,2023-05-04,AVN,7,4,04,17:15," ",O,TBFP,202305,19,1654.71
2023-11-02T18:45:42.716Z,2023-05-15,AVN,2,4,15,22:15," ",P,TBFP,202305,22,3868.7
2023-11-02T18:45:42.716Z,2023-05-22,AVN,9,2,22,21:00," ",O,TBFP,202305,31,28346.4
2023-11-02T18:45:42.716Z,2023-05-21,AVN,3,2,21,11:15," ",O,TBFP,202305,8,4689.2
2023-11-02T18:45:42.716Z,2023-05-04,AVN,7,2,04,11:15," ",O,TBFP,202305,95,16546.15
2023-11-02T18:45:42.716Z,2023-05-17,AVN,10,3,17,13:45," ",O,TBFP,202305,20,15072.4
2023-11-02T18:45:42.716Z,2023-05-10,AVN,4,1,10,22:15," ",P,TBFP,202305,364,106681.12
2023-11-02T18:45:42.716Z,2023-05-05,AVN,9,4,05,23:15," ",O,TBFP,202305,5,2286
2023-11-02T18:45:42.716Z,2023-05-02,AVN,17,4,02,08:30," ",P,TBFP,202305,17,5551.69
2023-11-02T18:45:42.716Z,2023-05-06,AVN,1,1,06,02:30," ",O,TBFP,202305,148,14871.04
2023-11-02T18:45:42.716Z,2023-05-25,AVN,2,2,25,13:30," ",P,TBFP,202305,92,32355.48
2023-11-02T18:45:42.716Z,2023-05-18,TSC,102,2,18,08:45," ",S,TBP,202305,21,35616
2023-11-02T18:45:42.716Z,2023-05-03,TSC,102,4,03,06:00," ",S,TBFP,202305,3,1131
2023-11-02T18:45:42.716Z,2023-05-02,AVN,3,4,02,06:30," ",O,TBFP,202305,36,10550.88
2023-11-02T18:45:42.716Z,2023-05-19,AVN,17,3,19,09:45," ",P,TBFP,202305,80,78376.8
2023-11-02T18:45:42.716Z,2023-05-20,AVN,16,3,20,00:30," ",O,TBFP,202305,13,15675.4
2023-11-02T18:45:42.716Z,2023-05-30,AVN,5,2,30,13:15," ",O,TBFP,202305,126,94956.12
2023-11-02T18:45:42.716Z,2023-05-12,AVN,2,4,12,08:15," ",P,TBFP,202305,8,1406.8
2023-11-02T18:45:42.716Z,2023-05-07,AVN,14,1,07,13:30," ",O,TBFP,202305,558,224745.66
2023-11-02T18:45:42.716Z,2023-05-08,AVN,14,3,08,17:15," ",O,TBFP,202305,12,14499.72
2023-11-02T18:45:42.716Z,2023-05-02,AVN,17,2,02,09:00," ",P,TBFP,202305,95,62048.3
2023-11-02T18:45:42.716Z,2023-05-02,TSC,101,2,02,17:00," ",N,TBP,202305,16,36176
2023-11-02T18:45:42.716Z,2023-05-10,AVN,11,1,10,11:30," ",P,TBFP,202305,770,193431.7
2023-11-02T18:45:42.716Z,2023-05-15,AVN,17,2,15,21:15," ",P,TBFP,202305,16,10450.24
2023-11-02T18:45:42.716Z,2023-05-20,AVN,7,4,20,08:00," ",O,TBFP,202305,13,1132.17
2023-11-02T18:45:42.716Z,2023-05-01,AVN,1,3,01,01:00," ",O,TBFP,202305,2,602.9
2023-11-02T18:45:42.716Z,2023-05-01,AVN,10,4,01,16:15," ",O,TBFP,202305,8,2009.68
2023-11-02T18:45:42.716Z,2023-05-17,AVN,9,2,17,03:30," ",O,TBFP,202305,2,1828.8
2023-11-02T18:45:42.716Z,2023-05-26,AVN,7,1,26,05:30," ",O,TBFP,202305,90,7838.1
2023-11-02T18:45:42.716Z,2023-05-04,AVN,1,4,04,23:00," ",O,TBFP,202305,8,803.84
2023-11-02T18:45:42.716Z,2023-05-01,AVN,9,4,01,15:45," ",O,TBFP,202305,7,3200.4
2023-11-02T18:45:42.716Z,2023-05-12,AVN,6,4,12,17:30," ",P,TBFP,202305,40,15072.4
2023-11-02T18:45:42.716Z,2023-05-17,AVN,3,4,17,16:00," ",O,TBFP,202305,6,1758.48
2023-11-02T18:45:42.716Z,2023-05-04,AVN,5,4,04,11:15," ",O,TBFP,202305,6,2260.86
2023-11-02T18:45:42.716Z,2023-05-25,AVN,16,3,25,14:15," ",O,TBFP,202305,76,91640.8
2023-11-02T18:45:42.716Z,2023-05-21,AVN,3,2,21,13:00," ",O,TBFP,202305,7,4103.05
2023-11-02T18:45:42.716Z,2023-05-03,AVN,1,1,03,18:15," ",O,TBFP,202305,916,92039.68
2023-11-02T18:45:42.716Z,2023-05-15,AVN,6,2,15,04:00," ",P,TBFP,202305,5,3768.1
2023-11-02T18:45:42.716Z,2023-05-28,AVN,14,4,28,10:45," ",O,TBFP,202305,7,2819.39
2023-11-02T18:45:42.716Z,2023-05-20,AVN,17,4,20,20:30," ",P,TBFP,202305,16,5225.12
2023-11-02T18:45:42.716Z,2023-05-02,AVN,1,4,02,11:30," ",O,TBFP,202305,16,1607.68
2023-11-02T18:45:42.716Z,2023-05-08,AVN,1,2,08,08:30," ",O,TBFP,202305,70,14067.9
2023-11-02T18:45:42.716Z,2023-05-07,AVN,13,2,07,14:00," ",P,TBFP,202305,8,5493.12
2023-11-02T18:45:42.716Z,2023-05-23,AVN,7,3,23,13:15," ",O,TBFP,202305,70,18288.2
2023-11-02T18:45:42.716Z,2023-05-28,AVN,2,2,28,13:15," ",P,TBFP,202305,3,1055.07
2023-11-02T18:45:42.716Z,2023-05-16,AVN,6,2,16,00:30," ",P,TBFP,202305,8,6028.96
2023-11-02T18:45:42.716Z,2023-05-06,AVN,15,1,06,04:15," ",P,TBFP,202305,93,10902.39
2023-11-02T18:45:42.716Z,2023-05-09,AVN,4,3,09,09:00," ",P,TBFP,202305,35,30773.05
2023-11-02T18:45:42.716Z,2023-05-01,AVN,2,2,01,07:00," ",P,TBFP,202305,6,2110.14
2023-11-02T18:45:42.716Z,2023-05-23,AVN,13,2,23,15:30," ",P,TBFP,202305,59,40511.76
2023-11-02T18:45:42.716Z,2023-05-24,AVN,14,3,24,17:15," ",O,TBFP,202305,8,9666.48
