FechaExtraccion,AÃ±o,PC,Cat,TipDia,ValMop,Hinicio,Hfin,Tarifa_Inf,Tarifa_Inicial,Tarifa_Periodo,Conces,Sentido
2023-11-06T16:16:37.76Z,2022,0015,1,0001,109.92,000000,182959,,TBFP,TBFP,AVN,P
2023-11-06T16:16:37.76Z,2022,0015,2,0001,219.84,000000,182959,,TBFP,TBFP,AVN,P
2023-11-06T16:16:37.76Z,2022,0015,3,0001,329.76,000000,182959,,TBFP,TBFP,AVN,P
2023-11-06T16:16:37.76Z,2022,0015,4,0001,109.92,000000,182959,,TBFP,TBFP,AVN,P
2023-11-06T16:16:37.76Z,2022,0015,1,0001,219.84,183000,215959,,TBP,TBP,AVN,P
2023-11-06T16:16:37.76Z,2022,0015,2,0001,439.68,183000,215959,,TBP,TBP,AVN,P
2023-11-06T16:16:37.76Z,2022,0015,3,0001,659.53,183000,215959,,TBP,TBP,AVN,P
2023-11-06T16:16:37.76Z,2022,0015,4,0001,219.84,183000,215959,,TBP,TBP,AVN,P
2023-11-06T16:16:37.76Z,2022,0015,1,0001,109.92,220000,235959,,TBFP,TBFP,AVN,P
2023-11-06T16:16:37.76Z,2022,0015,2,0001,219.84,220000,235959,,TBFP,TBFP,AVN,P
2023-11-06T16:16:37.76Z,2022,0015,3,0001,329.76,220000,235959,,TBFP,TBFP,AVN,P
2023-11-06T16:16:37.76Z,2022,0015,4,0001,109.92,220000,235959,,TBFP,TBFP,AVN,P
2023-11-06T16:16:37.76Z,2022,0015,1,0002,109.92,000000,125959,,TBFP,TBFP,AVN,P
2023-11-06T16:16:37.76Z,2022,0015,2,0002,219.84,000000,125959,,TBFP,TBFP,AVN,P
2023-11-06T16:16:37.76Z,2022,0015,3,0002,329.76,000000,125959,,TBFP,TBFP,AVN,P
2023-11-06T16:16:37.76Z,2022,0015,4,0002,109.92,000000,125959,,TBFP,TBFP,AVN,P
2023-11-06T16:16:37.76Z,2022,0015,1,0002,219.84,130000,145959,,TBP,TBP,AVN,P
2023-11-06T16:16:37.76Z,2022,0015,2,0002,439.68,130000,145959,,TBP,TBP,AVN,P
2023-11-06T16:16:37.76Z,2022,0015,3,0002,659.53,130000,145959,,TBP,TBP,AVN,P
2023-11-06T16:16:37.76Z,2022,0015,4,0002,219.84,130000,145959,,TBP,TBP,AVN,P
2023-11-06T16:16:37.76Z,2022,0015,1,0002,109.92,150000,195959,,TBFP,TBFP,AVN,P
2023-11-06T16:16:37.76Z,2020,0007,1,0001,74.49,000000,175959,,TBFP,TBFP,AVN,O
2023-11-06T16:16:37.76Z,2020,0007,2,0001,148.98,000000,175959,,TBFP,TBFP,AVN,O
2023-11-06T16:16:37.76Z,2020,0007,3,0001,223.47,000000,175959,,TBFP,TBFP,AVN,O
2023-11-06T16:16:37.76Z,2020,0007,4,0001,74.49,000000,175959,,TBFP,TBFP,AVN,O
2023-11-06T16:16:37.76Z,2020,0007,1,0001,148.98,180000,195959,,TBP,TBP,AVN,O
2023-11-06T16:16:37.76Z,2020,0007,2,0001,297.96,180000,195959,,TBP,TBP,AVN,O
2023-11-06T16:16:37.76Z,2020,0007,3,0001,446.95,180000,195959,,TBP,TBP,AVN,O
2023-11-06T16:16:37.76Z,2020,0007,4,0001,148.98,180000,195959,,TBP,TBP,AVN,O
2023-11-06T16:16:37.76Z,2020,0007,1,0001,74.49,200000,235959,,TBFP,TBFP,AVN,O
2023-11-06T16:16:37.76Z,2020,0007,2,0001,148.98,200000,235959,,TBFP,TBFP,AVN,O
2023-11-06T16:16:37.76Z,2020,0007,3,0001,223.47,200000,235959,,TBFP,TBFP,AVN,O
2023-11-06T16:16:37.76Z,2020,0007,4,0001,74.49,200000,235959,,TBFP,TBFP,AVN,O
2023-11-06T16:16:37.76Z,2020,0007,1,0002,74.49,000000,125959,,TBFP,TBFP,AVN,O
2023-11-06T16:16:37.76Z,2020,0007,2,0002,148.98,000000,125959,,TBFP,TBFP,AVN,O
2023-11-06T16:16:37.76Z,2020,0007,3,0002,223.47,000000,125959,,TBFP,TBFP,AVN,O
2023-11-06T16:16:37.76Z,2020,0007,4,0002,74.49,000000,125959,,TBFP,TBFP,AVN,O
2023-11-06T16:16:37.76Z,2020,0007,1,0002,148.98,130000,145959,,TBP,TBP,AVN,O
2023-11-06T16:16:37.76Z,2020,0007,2,0002,297.96,130000,145959,,TBP,TBP,AVN,O
2023-11-06T16:16:37.76Z,2020,0007,3,0002,446.95,130000,145959,,TBP,TBP,AVN,O
2023-11-06T16:16:37.76Z,2020,0007,4,0002,148.98,130000,145959,,TBP,TBP,AVN,O
2023-11-06T16:16:37.76Z,2020,0007,1,0002,74.49,150000,175959,,TBFP,TBFP,AVN,O
2023-11-06T16:16:37.76Z,2020,0007,2,0002,148.98,150000,175959,,TBFP,TBFP,AVN,O
2023-11-06T16:16:37.76Z,2020,0007,3,0002,223.47,150000,175959,,TBFP,TBFP,AVN,O
2023-11-06T16:16:37.76Z,2020,0007,4,0002,74.49,150000,175959,,TBFP,TBFP,AVN,O
2023-11-06T16:16:37.76Z,2020,0007,1,0002,148.98,180000,205959,,TBP,TBP,AVN,O
2023-11-06T16:16:37.76Z,2020,0007,2,0002,297.96,180000,205959,,TBP,TBP,AVN,O
2023-11-06T16:16:37.76Z,2020,0007,3,0002,446.95,180000,205959,,TBP,TBP,AVN,O
2023-11-06T16:16:37.76Z,2020,0007,4,0002,148.98,180000,205959,,TBP,TBP,AVN,O
2023-11-06T16:16:37.76Z,2020,0007,1,0002,74.49,210000,235959,,TBFP,TBFP,AVN,O
2023-11-06T16:16:37.76Z,2020,0007,2,0002,148.98,210000,235959,,TBFP,TBFP,AVN,O
2023-11-06T16:16:37.76Z,2020,0007,3,0002,223.47,210000,235959,,TBFP,TBFP,AVN,O
2023-11-06T16:16:37.76Z,2020,0007,4,0002,74.49,210000,235959,,TBFP,TBFP,AVN,O
2023-11-06T16:16:37.76Z,2020,0007,1,0004,74.49,000000,125959,,TBFP,TBFP,AVN,O
2023-11-06T16:16:37.76Z,2020,0007,2,0004,148.98,000000,125959,,TBFP,TBFP,AVN,O
2023-11-06T16:16:37.76Z,2020,0007,3,0004,223.47,000000,125959,,TBFP,TBFP,AVN,O
2023-11-06T16:16:37.76Z,2020,0007,4,0004,74.49,000000,125959,,TBFP,TBFP,AVN,O
2023-11-06T16:16:37.76Z,2020,0007,1,0004,148.98,130000,145959,,TBP,TBP,AVN,O
2023-11-06T16:16:37.76Z,2020,0007,2,0004,297.96,130000,145959,,TBP,TBP,AVN,O
2023-11-06T16:16:37.76Z,2020,0007,3,0004,446.95,130000,145959,,TBP,TBP,AVN,O
2023-11-06T16:16:37.76Z,2020,0007,4,0004,148.98,130000,145959,,TBP,TBP,AVN,O
2023-11-06T16:16:37.76Z,2020,0007,1,0004,74.49,150000,175959,,TBFP,TBFP,AVN,O
2023-11-06T16:16:37.76Z,2023,0005,1,0001,400.44,000000,235959,,TBFP,TBFP,AVN,O
2023-11-06T16:16:37.76Z,2023,0005,2,0001,800.88,000000,235959,,TBFP,TBFP,AVN,O
2023-11-06T16:16:37.76Z,2023,0005,3,0001,1201.32,000000,235959,,TBFP,TBFP,AVN,O
2023-11-06T16:16:37.76Z,2023,0005,4,0001,400.44,000000,235959,,TBFP,TBFP,AVN,O
2023-11-06T16:16:37.76Z,2020,0009,3,0004,1173.23,150000,175959,,TBFP,TBFP,AVN,O
2023-11-06T16:16:37.76Z,2020,0009,4,0004,391.08,150000,175959,,TBFP,TBFP,AVN,O
2023-11-06T16:16:37.76Z,2018,0006,2,0004,589.31,000000,235959,,TBFP,TBFP,AVN,P
2023-11-06T16:16:37.76Z,2018,0006,3,0004,883.97,000000,235959,,TBFP,TBFP,AVN,P
2023-11-06T16:16:37.76Z,2018,0006,4,0004,294.66,000000,235959,,TBFP,TBFP,AVN,P
2023-11-06T16:16:37.76Z,2018,0004,1,0001,229.18,000000,155959,,TBFP,TBFP,AVN,P
2023-11-06T16:16:37.76Z,2018,0004,2,0001,458.35,000000,155959,,TBFP,TBFP,AVN,P
2023-11-06T16:16:37.76Z,2018,0004,3,0001,687.53,000000,155959,,TBFP,TBFP,AVN,P
2023-11-06T16:16:37.76Z,2018,0004,4,0001,229.18,000000,155959,,TBFP,TBFP,AVN,P
2023-11-06T16:16:37.76Z,2018,0004,1,0001,458.35,160000,162959,,TBFP,TBP,AVN,P
2023-11-06T16:16:37.76Z,2018,0004,2,0001,916.71,160000,162959,,TBFP,TBP,AVN,P
2023-11-06T16:16:37.76Z,2018,0004,3,0001,1375.06,160000,162959,,TBFP,TBP,AVN,P
2023-11-06T16:16:37.76Z,2018,0004,4,0001,458.35,160000,162959,,TBFP,TBP,AVN,P
2023-11-06T16:16:37.76Z,2018,0004,1,0001,229.18,163000,165959,,TBFP,TBFP,AVN,P
2023-11-06T16:16:37.76Z,2018,0004,2,0001,458.35,163000,165959,,TBFP,TBFP,AVN,P
2023-11-06T16:16:37.76Z,2018,0004,3,0001,687.53,163000,165959,,TBFP,TBFP,AVN,P
2023-11-06T16:16:37.76Z,2018,0004,4,0001,229.18,163000,165959,,TBFP,TBFP,AVN,P
2023-11-06T16:16:37.76Z,2018,0004,1,0001,458.35,170000,172959,,TBFP,TBP,AVN,P
2023-11-06T16:16:37.76Z,2018,0004,2,0001,916.71,170000,172959,,TBFP,TBP,AVN,P
2023-11-06T16:16:37.76Z,2018,0004,3,0001,1375.06,170000,172959,,TBFP,TBP,AVN,P
2023-11-06T16:16:37.76Z,2018,0004,4,0001,458.35,170000,172959,,TBFP,TBP,AVN,P
2023-11-06T16:16:37.76Z,2018,0004,1,0001,687.53,173000,192959,,TBFP,TS,AVN,P
2023-11-06T16:16:37.76Z,2018,0004,2,0001,1375.06,173000,192959,,TBFP,TS,AVN,P
2023-11-06T16:16:37.76Z,2018,0004,3,0001,2062.59,173000,192959,,TBFP,TS,AVN,P
2023-11-06T16:16:37.76Z,2018,0004,4,0001,687.53,173000,192959,,TBFP,TS,AVN,P
2023-11-06T16:16:37.76Z,2018,0004,1,0001,458.35,193000,202959,,TBFP,TBP,AVN,P
2023-11-06T16:16:37.76Z,2018,0004,2,0001,916.71,193000,202959,,TBFP,TBP,AVN,P
2023-11-06T16:16:37.76Z,2018,0004,3,0001,1375.06,193000,202959,,TBFP,TBP,AVN,P
2023-11-06T16:16:37.76Z,2018,0004,4,0001,458.35,193000,202959,,TBFP,TBP,AVN,P
2023-11-06T16:16:37.76Z,2018,0004,1,0001,229.18,203000,235959,,TBFP,TBFP,AVN,P
2023-11-06T16:16:37.76Z,2018,0004,2,0001,458.35,203000,235959,,TBFP,TBFP,AVN,P
2023-11-06T16:16:37.76Z,2018,0004,3,0001,687.53,203000,235959,,TBFP,TBFP,AVN,P
2023-11-06T16:16:37.76Z,2018,0004,4,0001,229.18,203000,235959,,TBFP,TBFP,AVN,P
2023-11-06T16:16:37.76Z,2018,0004,1,0002,229.18,000000,105959,,TBFP,TBFP,AVN,P
2023-11-06T16:16:37.76Z,2018,0004,2,0002,458.35,000000,105959,,TBFP,TBFP,AVN,P
2023-11-06T16:16:37.76Z,2018,0004,3,0002,687.53,000000,105959,,TBFP,TBFP,AVN,P
2023-11-06T16:16:37.76Z,2018,0004,4,0002,229.18,000000,105959,,TBFP,TBFP,AVN,P
2023-11-06T16:16:37.76Z,2018,0004,1,0002,458.35,110000,135959,,TBP,TBP,AVN,P
2023-11-06T16:16:37.76Z,2018,0004,2,0002,916.71,110000,135959,,TBP,TBP,AVN,P
2023-11-06T16:16:37.76Z,2018,0004,3,0002,1375.06,110000,135959,,TBP,TBP,AVN,P
2023-11-06T16:16:37.76Z,2018,0004,4,0002,458.35,110000,135959,,TBP,TBP,AVN,P
2023-11-06T16:16:37.76Z,2018,0004,1,0002,229.18,140000,185959,,TBFP,TBFP,AVN,P
2023-11-06T16:16:37.76Z,2018,0004,2,0002,458.35,140000,185959,,TBFP,TBFP,AVN,P
2023-11-06T16:16:37.76Z,2018,0004,3,0002,687.53,140000,185959,,TBFP,TBFP,AVN,P
2023-11-06T16:16:37.76Z,2018,0004,4,0002,229.18,140000,185959,,TBFP,TBFP,AVN,P
2023-11-06T16:16:37.76Z,2018,0004,1,0002,458.35,190000,215959,,TBP,TBP,AVN,P
2023-11-06T16:16:37.76Z,2018,0004,2,0002,916.71,190000,215959,,TBP,TBP,AVN,P
2023-11-06T16:16:37.76Z,2018,0004,3,0002,1375.06,190000,215959,,TBP,TBP,AVN,P
2023-11-06T16:16:37.76Z,2018,0004,4,0002,458.35,190000,215959,,TBP,TBP,AVN,P
2023-11-06T16:16:37.76Z,2018,0004,1,0002,229.18,220000,235959,,TBFP,TBFP,AVN,P
2023-11-06T16:16:37.76Z,2018,0004,2,0002,458.35,220000,235959,,TBFP,TBFP,AVN,P
2023-11-06T16:16:37.76Z,2018,0004,3,0002,687.53,220000,235959,,TBFP,TBFP,AVN,P
2023-11-06T16:16:37.76Z,2018,0004,4,0002,229.18,220000,235959,,TBFP,TBFP,AVN,P
2023-11-06T16:16:37.76Z,2018,0004,1,0004,229.18,000000,105959,,TBFP,TBFP,AVN,P
2023-11-06T16:16:37.76Z,2018,0004,2,0004,458.35,000000,105959,,TBFP,TBFP,AVN,P
2023-11-06T16:16:37.76Z,2018,0004,3,0004,687.53,000000,105959,,TBFP,TBFP,AVN,P
2023-11-06T16:16:37.76Z,2018,0004,4,0004,229.18,000000,105959,,TBFP,TBFP,AVN,P
2023-11-06T16:16:37.76Z,2018,0004,1,0004,458.35,110000,135959,,TBP,TBP,AVN,P
2023-11-06T16:16:37.76Z,2018,0004,2,0004,916.71,110000,135959,,TBP,TBP,AVN,P
2023-11-06T16:16:37.76Z,2018,0004,3,0004,1375.06,110000,135959,,TBP,TBP,AVN,P
2023-11-06T16:16:37.76Z,2018,0004,4,0004,458.35,110000,135959,,TBP,TBP,AVN,P
2023-11-06T16:16:37.76Z,2018,0004,1,0004,229.18,140000,185959,,TBFP,TBFP,AVN,P
2023-11-06T16:16:37.76Z,2018,0004,2,0004,458.35,140000,185959,,TBFP,TBFP,AVN,P
2023-11-06T16:16:37.76Z,2018,0004,3,0004,687.53,140000,185959,,TBFP,TBFP,AVN,P
2023-11-06T16:16:37.76Z,2018,0004,4,0004,229.18,140000,185959,,TBFP,TBFP,AVN,P
2023-11-06T16:16:37.76Z,2018,0004,1,0004,458.35,190000,215959,,TBP,TBP,AVN,P
2023-11-06T16:16:37.76Z,2018,0004,2,0004,916.71,190000,215959,,TBP,TBP,AVN,P
2023-11-06T16:16:37.76Z,2018,0004,3,0004,1375.06,190000,215959,,TBP,TBP,AVN,P
2023-11-06T16:16:37.76Z,2018,0004,4,0004,458.35,190000,215959,,TBP,TBP,AVN,P
2023-11-06T16:16:37.76Z,2018,0004,1,0004,229.18,220000,235959,,TBFP,TBFP,AVN,P
2023-11-06T16:16:37.76Z,2016,P3,3,0001,1552.98,073000,082959,,,TS,CN,S
2023-11-06T16:16:37.76Z,2016,P3,4,0001,517.66,073000,082959,,,TS,CN,S
2023-11-06T16:16:37.76Z,2016,P3,1,0001,340.34,083000,095959,,,TBP,CN,S
2023-11-06T16:16:37.76Z,2016,P3,2,0001,680.68,083000,095959,,,TBP,CN,S
2023-11-06T16:16:37.76Z,2016,P3,3,0001,1021.02,083000,095959,,,TBP,CN,S
2023-11-06T16:16:37.76Z,2016,P3,4,0001,340.34,083000,095959,,,TBP,CN,S
2023-11-06T16:16:37.76Z,2016,P3,1,0001,177.32,100000,115959,,,TBFP,CN,S
2023-11-06T16:16:37.76Z,2016,P3,2,0001,354.64,100000,115959,,,TBFP,CN,S
2023-11-06T16:16:37.76Z,2016,P3,3,0001,531.96,100000,115959,,,TBFP,CN,S
2023-11-06T16:16:37.76Z,2016,P3,4,0001,177.32,100000,115959,,,TBFP,CN,S
2023-11-06T16:16:37.76Z,2016,P3,1,0001,340.34,120000,125959,,,TBP,CN,S
2023-11-06T16:16:37.76Z,2016,P3,2,0001,680.68,120000,125959,,,TBP,CN,S
2023-11-06T16:16:37.76Z,2016,P3,3,0001,1021.02,120000,125959,,,TBP,CN,S
2023-11-06T16:16:37.76Z,2016,P3,4,0001,340.34,120000,125959,,,TBP,CN,S
2023-11-06T16:16:37.76Z,2016,P3,1,0001,517.66,130000,135959,,,TS,CN,S
2023-11-06T16:16:37.76Z,2016,P3,2,0001,1035.32,130000,135959,,,TS,CN,S
2023-11-06T16:16:37.76Z,2016,P3,3,0001,1552.98,130000,135959,,,TS,CN,S
2023-11-06T16:16:37.76Z,2016,P3,4,0001,517.66,130000,135959,,,TS,CN,S
2023-11-06T16:16:37.76Z,2016,P3,1,0001,340.34,140000,145959,,,TBP,CN,S
2023-11-06T16:16:37.76Z,2018,0016,4,0001,314.3,193000,235959,,TBFP,TBFP,AVN,O
2023-11-06T16:16:37.76Z,2018,0016,1,0002,314.3,000000,235959,,TBFP,TBFP,AVN,O
2023-11-06T16:16:37.76Z,2018,0016,2,0002,628.6,000000,235959,,TBFP,TBFP,AVN,O
2023-11-06T16:16:37.76Z,2018,0016,3,0002,942.9,000000,235959,,TBFP,TBFP,AVN,O
2023-11-06T16:16:37.76Z,2018,0016,4,0002,314.3,000000,235959,,TBFP,TBFP,AVN,O
2023-11-06T16:16:37.76Z,2018,0016,1,0003,314.3,000000,235959,,TBFP,TBFP,AVN,O
2023-11-06T16:16:37.76Z,2018,0016,2,0003,628.6,000000,235959,,TBFP,TBFP,AVN,O
2023-11-06T16:16:37.76Z,2018,0016,3,0003,942.9,000000,235959,,TBFP,TBFP,AVN,O
2023-11-06T16:16:37.76Z,2018,0016,4,0003,314.3,000000,235959,,TBFP,TBFP,AVN,O
2023-11-06T16:16:37.76Z,2018,0016,1,0004,314.3,000000,235959,,TBFP,TBFP,AVN,O
2023-11-06T16:16:37.76Z,2018,0016,2,0004,628.6,000000,235959,,TBFP,TBFP,AVN,O
2023-11-06T16:16:37.76Z,2018,0016,3,0004,942.9,000000,235959,,TBFP,TBFP,AVN,O
2023-11-06T16:16:37.76Z,2018,0016,4,0004,314.3,000000,235959,,TBFP,TBFP,AVN,O
2023-11-06T16:16:37.76Z,2018,0003,1,0001,229.18,000000,072959,,TBFP,TBFP,AVN,O
2023-11-06T16:16:37.76Z,2018,0003,2,0001,458.35,000000,072959,,TBFP,TBFP,AVN,O
2023-11-06T16:16:37.76Z,2018,0003,3,0001,687.53,000000,072959,,TBFP,TBFP,AVN,O
2023-11-06T16:16:37.76Z,2018,0003,4,0001,229.18,000000,072959,,TBFP,TBFP,AVN,O
2023-11-06T16:16:37.76Z,2018,0003,1,0001,458.35,073000,092959,,TBP,TBP,AVN,O
2023-11-06T16:16:37.76Z,2018,0003,2,0001,916.71,073000,092959,,TBP,TBP,AVN,O
2023-11-06T16:16:37.76Z,2018,0003,3,0001,1375.06,073000,092959,,TBP,TBP,AVN,O
2023-11-06T16:16:37.76Z,2018,0003,4,0001,458.35,073000,092959,,TBP,TBP,AVN,O
2023-11-06T16:16:37.76Z,2018,0003,1,0001,229.18,093000,235959,,TBFP,TBFP,AVN,O
2023-11-06T16:16:37.76Z,2018,0003,2,0001,458.35,093000,235959,,TBFP,TBFP,AVN,O
2023-11-06T16:16:37.76Z,2018,0003,3,0001,687.53,093000,235959,,TBFP,TBFP,AVN,O
2023-11-06T16:16:37.76Z,2018,0003,4,0001,229.18,093000,235959,,TBFP,TBFP,AVN,O
2023-11-06T16:16:37.76Z,2018,0003,1,0002,229.18,000000,175959,,TBFP,TBFP,AVN,O
2023-11-06T16:16:37.76Z,2018,0003,2,0002,458.35,000000,175959,,TBFP,TBFP,AVN,O
2023-11-06T16:16:37.76Z,2018,0003,3,0002,687.53,000000,175959,,TBFP,TBFP,AVN,O
2023-11-06T16:16:37.76Z,2018,0003,4,0002,229.18,000000,175959,,TBFP,TBFP,AVN,O
2023-11-06T16:16:37.76Z,2018,0003,1,0002,458.35,180000,205959,,TBP,TBP,AVN,O
2023-11-06T16:16:37.76Z,2018,0003,2,0002,916.71,180000,205959,,TBP,TBP,AVN,O
2023-11-06T16:16:37.76Z,2018,0003,3,0002,1375.06,180000,205959,,TBP,TBP,AVN,O
2023-11-06T16:16:37.76Z,2018,0003,4,0002,458.35,180000,205959,,TBP,TBP,AVN,O
2023-11-06T16:16:37.76Z,2018,0003,1,0002,229.18,210000,235959,,TBFP,TBFP,AVN,O
2023-11-06T16:16:37.76Z,2018,0003,2,0002,458.35,210000,235959,,TBFP,TBFP,AVN,O
2023-11-06T16:16:37.76Z,2018,0003,3,0002,687.53,210000,235959,,TBFP,TBFP,AVN,O
2023-11-06T16:16:37.76Z,2018,0003,4,0002,229.18,210000,235959,,TBFP,TBFP,AVN,O
2023-11-06T16:16:37.76Z,2018,0003,1,0004,229.18,000000,175959,,TBFP,TBFP,AVN,O
2023-11-06T16:16:37.76Z,2018,0003,2,0004,458.35,000000,175959,,TBFP,TBFP,AVN,O
2023-11-06T16:16:37.76Z,2018,0003,3,0004,687.53,000000,175959,,TBFP,TBFP,AVN,O
2023-11-06T16:16:37.76Z,2018,0003,4,0004,229.18,000000,175959,,TBFP,TBFP,AVN,O
2023-11-06T16:16:37.76Z,2018,0003,1,0004,458.35,180000,205959,,TBP,TBP,AVN,O
2023-11-06T16:16:37.76Z,2018,0003,2,0004,916.71,180000,205959,,TBP,TBP,AVN,O
2023-11-06T16:16:37.76Z,2018,0003,3,0004,1375.06,180000,205959,,TBP,TBP,AVN,O
2023-11-06T16:16:37.76Z,2018,0003,4,0004,458.35,180000,205959,,TBP,TBP,AVN,O
2023-11-06T16:16:37.76Z,2018,0003,1,0004,229.18,210000,235959,,TBFP,TBFP,AVN,O
2023-11-06T16:16:37.76Z,2018,0003,2,0004,458.35,210000,235959,,TBFP,TBFP,AVN,O
2023-11-06T16:16:37.76Z,2018,0003,3,0004,687.53,210000,235959,,TBFP,TBFP,AVN,O
2023-11-06T16:16:37.76Z,2018,0003,4,0004,229.18,210000,235959,,TBFP,TBFP,AVN,O
2023-11-06T16:16:37.76Z,2018,0003,1,0003,229.18,000000,185959,,TBFP,TBFP,AVN,O
2023-11-06T16:16:37.76Z,2018,0003,2,0003,458.35,000000,185959,,TBFP,TBFP,AVN,O
2023-11-06T16:16:37.76Z,2018,0014,4,0001,314.95,193000,235959,,TBFP,TBFP,AVN,O
2023-11-06T16:16:37.76Z,2018,0014,1,0002,314.95,000000,235959,,TBFP,TBFP,AVN,O
2023-11-06T16:16:37.76Z,2018,0014,2,0002,629.91,000000,235959,,TBFP,TBFP,AVN,O
2023-11-06T16:16:37.76Z,2018,0014,3,0002,944.86,000000,235959,,TBFP,TBFP,AVN,O
2023-11-06T16:16:37.76Z,2018,0014,4,0002,314.95,000000,235959,,TBFP,TBFP,AVN,O
2023-11-06T16:16:37.76Z,2018,0014,1,0003,314.95,000000,235959,,TBFP,TBFP,AVN,O
2023-11-06T16:16:37.76Z,2018,0014,2,0003,629.91,000000,235959,,TBFP,TBFP,AVN,O
2023-11-06T16:16:37.76Z,2018,0014,3,0003,944.86,000000,235959,,TBFP,TBFP,AVN,O
2023-11-06T16:16:37.76Z,2018,0014,4,0003,314.95,000000,235959,,TBFP,TBFP,AVN,O
2023-11-06T16:16:37.76Z,2018,0014,1,0004,314.95,000000,235959,,TBFP,TBFP,AVN,O
2023-11-06T16:16:37.76Z,2018,0014,2,0004,629.91,000000,235959,,TBFP,TBFP,AVN,O
2023-11-06T16:16:37.76Z,2018,0014,3,0004,944.86,000000,235959,,TBFP,TBFP,AVN,O
2023-11-06T16:16:37.76Z,2018,0014,4,0004,314.95,000000,235959,,TBFP,TBFP,AVN,O
2023-11-06T16:16:37.76Z,2018,0101,1,0001,368,000000,065959,1954,TBFP,TBFP,TSC,N
2023-11-06T16:16:37.76Z,2018,0101,2,0001,1105,000000,065959,5869,TBFP,TBFP,TSC,N
2023-11-06T16:16:37.76Z,2018,0101,3,0001,1842,000000,065959,9778,TBFP,TBFP,TSC,N
2023-11-06T16:16:37.76Z,2018,0101,4,0001,368,000000,065959,1954,TBFP,TBFP,TSC,N
2023-11-06T16:16:37.76Z,2018,0101,1,0001,589,070000,075959,3130,TBP,TBP,TSC,N
2023-11-06T16:16:37.76Z,2018,0101,2,0001,1768,070000,075959,9386,TBP,TBP,TSC,N
2023-11-06T16:16:37.76Z,2018,0101,3,0001,2947,070000,075959,15646,TBP,TBP,TSC,N
2023-11-06T16:16:37.76Z,2018,0101,4,0001,589,070000,075959,3130,TBP,TBP,TSC,N
2023-11-06T16:16:37.76Z,2018,0101,1,0001,589,110000,112959,3130,TBFP,TBP,TSC,N
2023-11-06T16:16:37.76Z,2018,0101,2,0001,1768,110000,112959,9386,TBFP,TBP,TSC,N
2023-11-06T16:16:37.76Z,2018,0101,3,0001,2947,110000,112959,15646,TBFP,TBP,TSC,N
2023-11-06T16:16:37.76Z,2018,0101,4,0001,589,110000,112959,3130,TBFP,TBP,TSC,N
2023-11-06T16:16:37.76Z,2018,0101,1,0001,368,113000,115959,1954,TBFP,TBFP,TSC,N
2023-11-06T16:16:37.76Z,2018,0101,2,0001,1105,113000,115959,5869,TBFP,TBFP,TSC,N
2023-11-06T16:16:37.76Z,2018,0101,3,0001,1842,113000,115959,9778,TBFP,TBFP,TSC,N
2023-11-06T16:16:37.76Z,2018,0101,4,0001,368,113000,115959,1954,TBFP,TBFP,TSC,N
2023-11-06T16:16:37.76Z,2018,0101,1,0001,589,120000,135959,3130,TBFP,TBP,TSC,N
2023-11-06T16:16:37.76Z,2018,0101,2,0001,1768,120000,135959,9386,TBFP,TBP,TSC,N
2023-11-06T16:16:37.76Z,2018,0101,3,0001,2947,120000,135959,15646,TBFP,TBP,TSC,N
2023-11-06T16:16:37.76Z,2018,0101,4,0001,589,120000,135959,3130,TBFP,TBP,TSC,N
2023-11-06T16:16:37.76Z,2018,0101,1,0001,368,140000,162959,1954,TBFP,TBFP,TSC,N
2023-11-06T16:16:37.76Z,2018,0101,2,0001,1105,140000,162959,5869,TBFP,TBFP,TSC,N
2023-11-06T16:16:37.76Z,2018,0101,3,0001,1842,140000,162959,9778,TBFP,TBFP,TSC,N
2023-11-06T16:16:37.76Z,2018,0101,4,0001,368,140000,162959,1954,TBFP,TBFP,TSC,N
2023-11-06T16:16:37.76Z,2018,0101,1,0001,589,163000,172959,3130,TBFP,TBP,TSC,N
2023-11-06T16:16:37.76Z,2018,0101,2,0001,1768,163000,172959,9386,TBFP,TBP,TSC,N
2023-11-06T16:16:37.76Z,2018,0101,3,0001,2947,163000,172959,15646,TBFP,TBP,TSC,N
2023-11-06T16:16:37.76Z,2018,0101,4,0001,589,163000,172959,3130,TBFP,TBP,TSC,N
2023-11-06T16:16:37.76Z,2018,0101,1,0001,737,173000,202959,3909,TS,TS,TSC,N
2023-11-06T16:16:37.76Z,2018,0101,2,0001,2210,173000,202959,11732,TS,TS,TSC,N
2023-11-06T16:16:37.76Z,2018,0101,3,0001,3683,173000,202959,19555,TS,TS,TSC,N
2023-11-06T16:16:37.76Z,2018,0101,4,0001,737,173000,202959,3909,TS,TS,TSC,N
2023-11-06T16:16:37.76Z,2018,0101,1,0001,368,203000,235959,1954,TBFP,TBFP,TSC,N
2023-11-06T16:16:37.76Z,2018,0101,2,0001,1105,203000,235959,5869,TBFP,TBFP,TSC,N
2023-11-06T16:16:37.76Z,2018,0101,3,0001,1842,203000,235959,9778,TBFP,TBFP,TSC,N
2023-11-06T16:16:37.76Z,2018,0101,4,0001,368,203000,235959,1954,TBFP,TBFP,TSC,N
2023-11-06T16:16:37.76Z,2018,0101,1,0002,368,000000,095959,1954,TBFP,TBFP,TSC,N
2023-11-06T16:16:37.76Z,2018,0101,2,0002,1105,000000,095959,5869,TBFP,TBFP,TSC,N
2023-11-06T16:16:37.76Z,2018,0101,3,0002,1842,000000,095959,9778,TBFP,TBFP,TSC,N
2023-11-06T16:16:37.76Z,2018,0101,4,0002,368,000000,095959,1954,TBFP,TBFP,TSC,N
2023-11-06T16:16:37.76Z,2018,0101,1,0002,589,100000,135959,3130,TBP,TBP,TSC,N
2023-11-06T16:16:37.76Z,2018,0101,2,0002,1768,100000,135959,9386,TBP,TBP,TSC,N
2023-11-06T16:16:37.76Z,2018,0101,3,0002,2947,100000,135959,15646,TBP,TBP,TSC,N
2023-11-06T16:16:37.76Z,2018,0101,4,0002,589,100000,135959,3130,TBP,TBP,TSC,N
2023-11-06T16:16:37.76Z,2018,0101,1,0002,368,140000,235959,1954,TBFP,TBFP,TSC,N
2023-11-06T16:16:37.76Z,2018,0101,2,0002,1105,140000,235959,5869,TBFP,TBFP,TSC,N
2023-11-06T16:16:37.76Z,2018,0101,3,0002,1842,140000,235959,9778,TBFP,TBFP,TSC,N
2023-11-06T16:16:37.76Z,2018,0101,4,0002,368,140000,235959,1954,TBFP,TBFP,TSC,N
2023-11-06T16:16:37.76Z,2018,0101,1,0004,368,000000,095959,1954,TBFP,TBFP,TSC,N
2023-11-06T16:16:37.76Z,2018,0101,2,0004,1105,000000,095959,5869,TBFP,TBFP,TSC,N
2023-11-06T16:16:37.76Z,2018,0101,3,0004,1842,000000,095959,9778,TBFP,TBFP,TSC,N
2023-11-06T16:16:37.76Z,2018,0101,4,0004,368,000000,095959,1954,TBFP,TBFP,TSC,N
2023-11-06T16:16:37.76Z,2018,0101,1,0004,589,100000,135959,3130,TBP,TBP,TSC,N
2023-11-06T16:16:37.76Z,2018,0101,2,0004,1768,100000,135959,9386,TBP,TBP,TSC,N
2023-11-06T16:16:37.76Z,2018,0101,3,0004,2947,100000,135959,15646,TBP,TBP,TSC,N
2023-11-06T16:16:37.76Z,2015,0010,2,0002,325,000000,175959,,TBFP,TBFP,AVN,O
2023-11-06T16:16:37.76Z,2015,0010,3,0002,487.5,000000,175959,,TBFP,TBFP,AVN,O
2023-11-06T16:16:37.76Z,2015,0010,4,0002,162.5,000000,175959,,TBFP,TBFP,AVN,O
2023-11-06T16:16:37.76Z,2015,0010,1,0002,325.01,180000,205959,,TBP,TBP,AVN,O
2023-11-06T16:16:37.76Z,2015,0010,2,0002,650.01,180000,205959,,TBP,TBP,AVN,O
2023-11-06T16:16:37.76Z,2015,0010,3,0002,975.02,180000,205959,,TBP,TBP,AVN,O
2023-11-06T16:16:37.76Z,2015,0010,4,0002,325.01,180000,205959,,TBP,TBP,AVN,O
2023-11-06T16:16:37.76Z,2015,0010,1,0002,162.5,210000,235959,,TBFP,TBFP,AVN,O
2023-11-06T16:16:37.76Z,2015,0010,2,0002,325,210000,235959,,TBFP,TBFP,AVN,O
2023-11-06T16:16:37.76Z,2015,0010,3,0002,487.5,210000,235959,,TBFP,TBFP,AVN,O
2023-11-06T16:16:37.76Z,2015,0010,4,0002,162.5,210000,235959,,TBFP,TBFP,AVN,O
2023-11-06T16:16:37.76Z,2015,0010,1,0004,162.5,000000,175959,,TBFP,TBFP,AVN,O
2023-11-06T16:16:37.76Z,2015,0010,2,0004,325,000000,175959,,TBFP,TBFP,AVN,O
2023-11-06T16:16:37.76Z,2015,0010,3,0004,487.5,000000,175959,,TBFP,TBFP,AVN,O
2023-11-06T16:16:37.76Z,2015,0010,4,0004,162.5,000000,175959,,TBFP,TBFP,AVN,O
2023-11-06T16:16:37.76Z,2015,0010,1,0004,325.01,180000,205959,,TBP,TBP,AVN,O
2023-11-06T16:16:37.76Z,2015,0010,2,0004,650.01,180000,205959,,TBP,TBP,AVN,O
2023-11-06T16:16:37.76Z,2015,0010,3,0004,975.02,180000,205959,,TBP,TBP,AVN,O
2023-11-06T16:16:37.76Z,2015,0010,4,0004,325.01,180000,205959,,TBP,TBP,AVN,O
2023-11-06T16:16:37.76Z,2015,0010,1,0004,162.5,210000,235959,,TBFP,TBFP,AVN,O
2023-11-06T16:16:37.76Z,2015,0010,2,0004,325,210000,235959,,TBFP,TBFP,AVN,O
2023-11-06T16:16:37.76Z,2015,0010,3,0004,487.5,210000,235959,,TBFP,TBFP,AVN,O
2023-11-06T16:16:37.76Z,2015,0010,4,0004,162.5,210000,235959,,TBFP,TBFP,AVN,O
2023-11-06T16:16:37.76Z,2015,0010,1,0003,162.5,000000,185959,,TBFP,TBFP,AVN,O
2023-11-06T16:16:37.76Z,2015,0010,2,0003,325,000000,185959,,TBFP,TBFP,AVN,O
2023-11-06T16:16:37.76Z,2015,0010,3,0003,487.5,000000,185959,,TBFP,TBFP,AVN,O
2023-11-06T16:16:37.76Z,2015,0010,4,0003,162.5,000000,185959,,TBFP,TBFP,AVN,O
2023-11-06T16:16:37.76Z,2015,0010,1,0003,325.01,190000,215959,,TBP,TBP,AVN,O
2023-11-06T16:16:37.76Z,2015,0010,2,0003,650.01,190000,215959,,TBP,TBP,AVN,O
2023-11-06T16:16:37.76Z,2015,0010,3,0003,975.02,190000,215959,,TBP,TBP,AVN,O
2023-11-06T16:16:37.76Z,2015,0010,4,0003,325.01,190000,215959,,TBP,TBP,AVN,O
2023-11-06T16:16:37.76Z,2015,0010,1,0003,162.5,220000,235959,,TBFP,TBFP,AVN,O
2023-11-06T16:16:37.76Z,2015,0010,2,0003,325,220000,235959,,TBFP,TBFP,AVN,O
2023-11-06T16:16:37.76Z,2015,0010,3,0003,487.5,220000,235959,,TBFP,TBFP,AVN,O
2023-11-06T16:16:37.76Z,2015,0010,4,0003,162.5,220000,235959,,TBFP,TBFP,AVN,O
2023-11-06T16:16:37.76Z,2015,0011,1,0001,162.5,000000,175959,,TBFP,TBFP,AVN,P
2023-11-06T16:16:37.76Z,2015,0011,2,0001,325,000000,175959,,TBFP,TBFP,AVN,P
2023-11-06T16:16:37.76Z,2015,0011,3,0001,487.5,000000,175959,,TBFP,TBFP,AVN,P
2023-11-06T16:16:37.76Z,2015,0011,4,0001,162.5,000000,175959,,TBFP,TBFP,AVN,P
2023-11-06T16:16:37.76Z,2015,0011,1,0001,325.01,180000,192959,,TBFP,TBP,AVN,P
2023-11-06T16:16:37.76Z,2015,0011,2,0001,650.01,180000,192959,,TBFP,TBP,AVN,P
2023-11-06T16:16:37.76Z,2015,0011,3,0001,975.02,180000,192959,,TBFP,TBP,AVN,P
2023-11-06T16:16:37.76Z,2015,0011,4,0001,325.01,180000,192959,,TBFP,TBP,AVN,P
2023-11-06T16:16:37.76Z,2015,0011,1,0001,162.5,193000,235959,,TBFP,TBFP,AVN,P
2023-11-06T16:16:37.76Z,2015,0011,2,0001,325,193000,235959,,TBFP,TBFP,AVN,P
2023-11-06T16:16:37.76Z,2015,0011,3,0001,487.5,193000,235959,,TBFP,TBFP,AVN,P
2023-11-06T16:16:37.76Z,2015,0011,4,0001,162.5,193000,235959,,TBFP,TBFP,AVN,P
2023-11-06T16:16:37.76Z,2015,0011,1,0002,162.5,000000,125959,,TBFP,TBFP,AVN,P
2023-11-06T16:16:37.76Z,2015,0011,2,0002,325,000000,125959,,TBFP,TBFP,AVN,P
2023-11-06T16:16:37.76Z,2015,0011,3,0002,487.5,000000,125959,,TBFP,TBFP,AVN,P
2023-11-06T16:16:37.76Z,2015,0011,4,0002,162.5,000000,125959,,TBFP,TBFP,AVN,P
2023-11-06T16:16:37.76Z,2015,0011,1,0002,325.01,130000,145959,,TBP,TBP,AVN,P
2023-11-06T16:16:37.76Z,2015,0011,2,0002,650.01,130000,145959,,TBP,TBP,AVN,P
2023-11-06T16:16:37.76Z,2015,0011,3,0002,975.02,130000,145959,,TBP,TBP,AVN,P
2023-11-06T16:16:37.76Z,2015,0011,4,0002,325.01,130000,145959,,TBP,TBP,AVN,P
2023-11-06T16:16:37.76Z,2015,0011,1,0002,162.5,150000,195959,,TBFP,TBFP,AVN,P
2023-11-06T16:16:37.76Z,2015,0011,2,0002,325,150000,195959,,TBFP,TBFP,AVN,P
2023-11-06T16:16:37.76Z,2015,0011,3,0002,487.5,150000,195959,,TBFP,TBFP,AVN,P
2023-11-06T16:16:37.76Z,2015,0011,4,0002,162.5,150000,195959,,TBFP,TBFP,AVN,P
2023-11-06T16:16:37.76Z,2015,0011,1,0002,325.01,200000,215959,,TBP,TBP,AVN,P
2023-11-06T16:16:37.76Z,2015,0011,2,0002,650.01,200000,215959,,TBP,TBP,AVN,P
2023-11-06T16:16:37.76Z,2015,0011,3,0002,975.02,200000,215959,,TBP,TBP,AVN,P
2023-11-06T16:16:37.76Z,2015,0011,4,0002,325.01,200000,215959,,TBP,TBP,AVN,P
2023-11-06T16:16:37.76Z,2015,0011,1,0002,162.5,220000,235959,,TBFP,TBFP,AVN,P
2023-11-06T16:16:37.76Z,2015,0011,2,0002,325,220000,235959,,TBFP,TBFP,AVN,P
2023-11-06T16:16:37.76Z,2015,0011,3,0002,487.5,220000,235959,,TBFP,TBFP,AVN,P
2023-11-06T16:16:37.76Z,2015,0011,4,0002,162.5,220000,235959,,TBFP,TBFP,AVN,P
2023-11-06T16:16:37.76Z,2015,0011,1,0004,162.5,000000,125959,,TBFP,TBFP,AVN,P
2023-11-06T16:16:37.76Z,2015,0015,2,0001,151.67,220000,235959,,TBFP,TBFP,AVN,P
2023-11-06T16:16:37.76Z,2015,0015,3,0001,227.5,220000,235959,,TBFP,TBFP,AVN,P
2023-11-06T16:16:37.76Z,2015,0015,4,0001,75.83,220000,235959,,TBFP,TBFP,AVN,P
2023-11-06T16:16:37.76Z,2015,0015,1,0002,75.83,000000,125959,,TBFP,TBFP,AVN,P
2023-11-06T16:16:37.76Z,2015,0015,2,0002,151.67,000000,125959,,TBFP,TBFP,AVN,P
2023-11-06T16:16:37.76Z,2015,0015,3,0002,227.5,000000,125959,,TBFP,TBFP,AVN,P
2023-11-06T16:16:37.76Z,2015,0015,4,0002,75.83,000000,125959,,TBFP,TBFP,AVN,P
2023-11-06T16:16:37.76Z,2015,0015,1,0002,151.67,130000,145959,,TBP,TBP,AVN,P
2023-11-06T16:16:37.76Z,2015,0015,2,0002,303.34,130000,145959,,TBP,TBP,AVN,P
2023-11-06T16:16:37.76Z,2015,0015,3,0002,455.01,130000,145959,,TBP,TBP,AVN,P
2023-11-06T16:16:37.76Z,2015,0015,4,0002,151.67,130000,145959,,TBP,TBP,AVN,P
2023-11-06T16:16:37.76Z,2015,0015,1,0002,75.83,150000,195959,,TBFP,TBFP,AVN,P
2023-11-06T16:16:37.76Z,2015,0015,2,0002,151.67,150000,195959,,TBFP,TBFP,AVN,P
2023-11-06T16:16:37.76Z,2015,0015,3,0002,227.5,150000,195959,,TBFP,TBFP,AVN,P
2023-11-06T16:16:37.76Z,2015,0015,4,0002,75.83,150000,195959,,TBFP,TBFP,AVN,P
2023-11-06T16:16:37.76Z,2015,0015,1,0002,151.67,200000,215959,,TBP,TBP,AVN,P
2023-11-06T16:16:37.76Z,2015,0015,2,0002,303.34,200000,215959,,TBP,TBP,AVN,P
2023-11-06T16:16:37.76Z,2015,0015,3,0002,455.01,200000,215959,,TBP,TBP,AVN,P
2023-11-06T16:16:37.76Z,2015,0015,4,0002,151.67,200000,215959,,TBP,TBP,AVN,P
2023-11-06T16:16:37.76Z,2015,0015,1,0002,75.83,220000,235959,,TBFP,TBFP,AVN,P
2023-11-06T16:16:37.76Z,2015,0015,2,0002,151.67,220000,235959,,TBFP,TBFP,AVN,P
2023-11-06T16:16:37.76Z,2015,0015,3,0002,227.5,220000,235959,,TBFP,TBFP,AVN,P
2023-11-06T16:16:37.76Z,2015,0015,4,0002,75.83,220000,235959,,TBFP,TBFP,AVN,P
2023-11-06T16:16:37.76Z,2015,0015,1,0004,75.83,000000,125959,,TBFP,TBFP,AVN,P
2023-11-06T16:16:37.76Z,2015,0015,2,0004,151.67,000000,125959,,TBFP,TBFP,AVN,P
2023-11-06T16:16:37.76Z,2015,0015,3,0004,227.5,000000,125959,,TBFP,TBFP,AVN,P
2023-11-06T16:16:37.76Z,2015,0015,4,0004,75.83,000000,125959,,TBFP,TBFP,AVN,P
2023-11-06T16:16:37.76Z,2015,0015,1,0004,151.67,130000,145959,,TBP,TBP,AVN,P
2023-11-06T16:16:37.76Z,2015,0015,2,0004,303.34,130000,145959,,TBP,TBP,AVN,P
2023-11-06T16:16:37.76Z,2015,0015,3,0004,455.01,130000,145959,,TBP,TBP,AVN,P
2023-11-06T16:16:37.76Z,2015,0015,4,0004,151.67,130000,145959,,TBP,TBP,AVN,P
2023-11-06T16:16:37.76Z,2015,0015,1,0004,75.83,150000,195959,,TBFP,TBFP,AVN,P
2023-11-06T16:16:37.76Z,2015,0015,2,0004,151.67,150000,195959,,TBFP,TBFP,AVN,P
2023-11-06T16:16:37.76Z,2015,0015,3,0004,227.5,150000,195959,,TBFP,TBFP,AVN,P
2023-11-06T16:16:37.76Z,2015,0015,4,0004,75.83,150000,195959,,TBFP,TBFP,AVN,P
2023-11-06T16:16:37.76Z,2015,0015,1,0004,151.67,200000,215959,,TBP,TBP,AVN,P
2023-11-06T16:16:37.76Z,2015,0015,2,0004,303.34,200000,215959,,TBP,TBP,AVN,P
2023-11-06T16:16:37.76Z,2015,0015,3,0004,455.01,200000,215959,,TBP,TBP,AVN,P
2023-11-06T16:16:37.76Z,2015,0015,4,0004,151.67,200000,215959,,TBP,TBP,AVN,P
2023-11-06T16:16:37.76Z,2015,0015,1,0004,75.83,220000,235959,,TBFP,TBFP,AVN,P
2023-11-06T16:16:37.76Z,2015,0015,2,0004,151.67,220000,235959,,TBFP,TBFP,AVN,P
2023-11-06T16:16:37.76Z,2015,0015,3,0004,227.5,220000,235959,,TBFP,TBFP,AVN,P
2023-11-06T16:16:37.76Z,2015,0015,4,0004,75.83,220000,235959,,TBFP,TBFP,AVN,P
2023-11-06T16:16:37.76Z,2015,0015,1,0003,75.83,000000,235959,,TBFP,TBFP,AVN,P
2023-11-06T16:16:37.76Z,2015,0015,2,0003,151.67,000000,235959,,TBFP,TBFP,AVN,P
2023-11-06T16:16:37.76Z,2015,0015,3,0003,227.5,000000,235959,,TBFP,TBFP,AVN,P
2023-11-06T16:16:37.76Z,2015,0015,4,0003,75.83,000000,235959,,TBFP,TBFP,AVN,P
2023-11-06T16:16:37.76Z,2015,0016,1,0001,260,000000,065959,,TBFP,TBFP,AVN,O
2023-11-06T16:16:37.76Z,2015,0016,2,0001,520,000000,065959,,TBFP,TBFP,AVN,O
2023-11-06T16:16:37.76Z,2015,0016,3,0001,780,000000,065959,,TBFP,TBFP,AVN,O
2023-11-06T16:16:37.76Z,2015,0016,4,0001,260,000000,065959,,TBFP,TBFP,AVN,O
2023-11-06T16:16:37.76Z,2015,0016,1,0001,520.01,070000,072959,,TBFP,TBP,AVN,O
2023-11-06T16:16:37.76Z,2015,0016,2,0001,1040.02,070000,072959,,TBFP,TBP,AVN,O
2023-11-06T16:16:37.76Z,2015,0016,3,0001,1560.02,070000,072959,,TBFP,TBP,AVN,O
2023-11-06T16:16:37.76Z,2015,0016,4,0001,520.01,070000,072959,,TBFP,TBP,AVN,O
2023-11-06T16:16:37.76Z,2015,0016,1,0001,780.01,073000,082959,,TBFP,TS,AVN,O
2023-11-06T16:16:37.76Z,2015,0016,2,0001,1560.03,073000,082959,,TBFP,TS,AVN,O
2023-11-06T16:16:37.76Z,2015,0016,3,0001,2340.04,073000,082959,,TBFP,TS,AVN,O
2023-11-06T16:16:37.76Z,2015,0016,4,0001,780.01,073000,082959,,TBFP,TS,AVN,O
2023-11-06T16:16:37.76Z,2015,0016,1,0001,260,083000,085959,,TBFP,TBFP,AVN,O
2023-11-06T16:16:37.76Z,2015,0016,2,0001,520,083000,085959,,TBFP,TBFP,AVN,O
2023-11-06T16:16:37.76Z,2015,0016,3,0001,780,083000,085959,,TBFP,TBFP,AVN,O
2023-11-06T16:16:37.76Z,2015,0016,4,0001,260,083000,085959,,TBFP,TBFP,AVN,O
2023-11-06T16:16:37.76Z,2015,0016,1,0001,520.01,090000,092959,,TBFP,TBP,AVN,O
2023-11-06T16:16:37.76Z,2015,0016,2,0001,1040.02,090000,092959,,TBFP,TBP,AVN,O
2023-11-06T16:16:37.76Z,2015,0016,3,0001,1560.02,090000,092959,,TBFP,TBP,AVN,O
2023-11-06T16:16:37.76Z,2015,0016,4,0001,520.01,090000,092959,,TBFP,TBP,AVN,O
2023-11-06T16:16:37.76Z,2015,0016,1,0001,260,093000,235959,,TBFP,TBFP,AVN,O
2023-11-06T16:16:37.76Z,2016,0003,1,0002,203.95,210000,235959,,TBFP,TBFP,AVN,O
2023-11-06T16:16:37.76Z,2016,0003,2,0002,407.9,210000,235959,,TBFP,TBFP,AVN,O
2023-11-06T16:16:37.76Z,2016,0003,3,0002,611.85,210000,235959,,TBFP,TBFP,AVN,O
2023-11-06T16:16:37.76Z,2016,0003,4,0002,203.95,210000,235959,,TBFP,TBFP,AVN,O
2023-11-06T16:16:37.76Z,2016,0003,1,0004,203.95,000000,175959,,TBFP,TBFP,AVN,O
2023-11-06T16:16:37.76Z,2016,0003,2,0004,407.9,000000,175959,,TBFP,TBFP,AVN,O
2023-11-06T16:16:37.76Z,2016,0003,3,0004,611.85,000000,175959,,TBFP,TBFP,AVN,O
2023-11-06T16:16:37.76Z,2016,0003,4,0004,203.95,000000,175959,,TBFP,TBFP,AVN,O
2023-11-06T16:16:37.76Z,2016,0003,1,0004,407.9,180000,205959,,TBP,TBP,AVN,O
2023-11-06T16:16:37.76Z,2016,0003,2,0004,815.79,180000,205959,,TBP,TBP,AVN,O
2023-11-06T16:16:37.76Z,2016,0003,3,0004,1223.69,180000,205959,,TBP,TBP,AVN,O
2023-11-06T16:16:37.76Z,2016,0003,4,0004,407.9,180000,205959,,TBP,TBP,AVN,O
2023-11-06T16:16:37.76Z,2016,0003,1,0004,203.95,210000,235959,,TBFP,TBFP,AVN,O
2023-11-06T16:16:37.76Z,2016,0003,2,0004,407.9,210000,235959,,TBFP,TBFP,AVN,O
2023-11-06T16:16:37.76Z,2016,0003,3,0004,611.85,210000,235959,,TBFP,TBFP,AVN,O
2023-11-06T16:16:37.76Z,2016,0003,4,0004,203.95,210000,235959,,TBFP,TBFP,AVN,O
2023-11-06T16:16:37.76Z,2016,0003,1,0003,203.95,000000,185959,,TBFP,TBFP,AVN,O
2023-11-06T16:16:37.76Z,2016,0003,2,0003,407.9,000000,185959,,TBFP,TBFP,AVN,O
2023-11-06T16:16:37.76Z,2016,0003,3,0003,611.85,000000,185959,,TBFP,TBFP,AVN,O
2023-11-06T16:16:37.76Z,2016,0003,4,0003,203.95,000000,185959,,TBFP,TBFP,AVN,O
2023-11-06T16:16:37.76Z,2016,0003,1,0003,407.9,190000,215959,,TBP,TBP,AVN,O
2023-11-06T16:16:37.76Z,2016,0003,2,0003,815.79,190000,215959,,TBP,TBP,AVN,O
2023-11-06T16:16:37.76Z,2016,0003,3,0003,1223.69,190000,215959,,TBP,TBP,AVN,O
2023-11-06T16:16:37.76Z,2016,0003,4,0003,407.9,190000,215959,,TBP,TBP,AVN,O
2023-11-06T16:16:37.76Z,2016,0003,1,0003,203.95,220000,235959,,TBFP,TBFP,AVN,O
2023-11-06T16:16:37.76Z,2016,0003,2,0003,407.9,220000,235959,,TBFP,TBFP,AVN,O
2023-11-06T16:16:37.76Z,2016,0003,3,0003,611.85,220000,235959,,TBFP,TBFP,AVN,O
2023-11-06T16:16:37.76Z,2016,0003,4,0003,203.95,220000,235959,,TBFP,TBFP,AVN,O
2023-11-06T16:16:37.76Z,2016,0004,1,0001,203.95,000000,172959,,TBFP,TBFP,AVN,P
2023-11-06T16:16:37.76Z,2016,0004,2,0001,407.9,000000,172959,,TBFP,TBFP,AVN,P
2023-11-06T16:16:37.76Z,2016,0004,3,0001,611.85,000000,172959,,TBFP,TBFP,AVN,P
2023-11-06T16:16:37.76Z,2016,0004,4,0001,203.95,000000,172959,,TBFP,TBFP,AVN,P
2023-11-06T16:16:37.76Z,2016,0004,1,0001,407.9,173000,175959,,TBFP,TBP,AVN,P
2023-11-06T16:16:37.76Z,2016,0004,2,0001,815.79,173000,175959,,TBFP,TBP,AVN,P
2023-11-06T16:16:37.76Z,2016,0004,3,0001,1223.69,173000,175959,,TBFP,TBP,AVN,P
2023-11-06T16:16:37.76Z,2016,0004,4,0001,407.9,173000,175959,,TBFP,TBP,AVN,P
2023-11-06T16:16:37.76Z,2016,0004,1,0001,611.85,180000,192959,,TBFP,TS,AVN,P
2023-11-06T16:16:37.76Z,2016,0004,2,0001,1223.69,180000,192959,,TBFP,TS,AVN,P
2023-11-06T16:16:37.76Z,2016,0004,3,0001,1835.54,180000,192959,,TBFP,TS,AVN,P
2023-11-06T16:16:37.76Z,2016,0004,4,0001,611.85,180000,192959,,TBFP,TS,AVN,P
2023-11-06T16:16:37.76Z,2016,0004,1,0001,407.9,193000,195959,,TBFP,TBP,AVN,P
2023-11-06T16:16:37.76Z,2016,0004,2,0001,815.79,193000,195959,,TBFP,TBP,AVN,P
2023-11-06T16:16:37.76Z,2016,0004,3,0001,1223.69,193000,195959,,TBFP,TBP,AVN,P
2023-11-06T16:16:37.76Z,2016,0004,4,0001,407.9,193000,195959,,TBFP,TBP,AVN,P
2023-11-06T16:16:37.76Z,2016,0004,1,0001,203.95,200000,235959,,TBFP,TBFP,AVN,P
2023-11-06T16:16:37.76Z,2016,0004,2,0001,407.9,200000,235959,,TBFP,TBFP,AVN,P
2023-11-06T16:16:37.76Z,2016,0004,3,0001,611.85,200000,235959,,TBFP,TBFP,AVN,P
2023-11-06T16:16:37.76Z,2016,0004,4,0001,203.95,200000,235959,,TBFP,TBFP,AVN,P
2023-11-06T16:16:37.76Z,2016,0004,1,0002,203.95,000000,105959,,TBFP,TBFP,AVN,P
2023-11-06T16:16:37.76Z,2016,0004,2,0002,407.9,000000,105959,,TBFP,TBFP,AVN,P
2023-11-06T16:16:37.76Z,2016,0004,3,0002,611.85,000000,105959,,TBFP,TBFP,AVN,P
2023-11-06T16:16:37.76Z,2016,0004,4,0002,203.95,000000,105959,,TBFP,TBFP,AVN,P
2023-11-06T16:16:37.76Z,2016,0004,1,0002,407.9,110000,135959,,TBP,TBP,AVN,P
2023-11-06T16:16:37.76Z,2016,0004,2,0002,815.79,110000,135959,,TBP,TBP,AVN,P
2023-11-06T16:16:37.76Z,2016,0004,3,0002,1223.69,110000,135959,,TBP,TBP,AVN,P
2023-11-06T16:16:37.76Z,2016,0004,4,0002,407.9,110000,135959,,TBP,TBP,AVN,P
2023-11-06T16:16:37.76Z,2016,0004,1,0002,203.95,140000,185959,,TBFP,TBFP,AVN,P
2023-11-06T16:16:37.76Z,2016,0004,2,0002,407.9,140000,185959,,TBFP,TBFP,AVN,P
2023-11-06T16:16:37.76Z,2016,0004,3,0002,611.85,140000,185959,,TBFP,TBFP,AVN,P
2023-11-06T16:16:37.76Z,2016,0004,4,0002,203.95,140000,185959,,TBFP,TBFP,AVN,P
2023-11-06T16:16:37.76Z,2016,0004,1,0002,407.9,190000,215959,,TBP,TBP,AVN,P
2023-11-06T16:16:37.76Z,2016,0004,2,0002,815.79,190000,215959,,TBP,TBP,AVN,P
2023-11-06T16:16:37.76Z,2016,0004,3,0002,1223.69,190000,215959,,TBP,TBP,AVN,P
2023-11-06T16:16:37.76Z,2016,0004,4,0002,407.9,190000,215959,,TBP,TBP,AVN,P
2023-11-06T16:16:37.76Z,2016,0004,1,0002,203.95,220000,235959,,TBFP,TBFP,AVN,P
2023-11-06T16:16:37.76Z,2016,0004,2,0002,407.9,220000,235959,,TBFP,TBFP,AVN,P
2023-11-06T16:16:37.76Z,2016,0004,3,0002,611.85,220000,235959,,TBFP,TBFP,AVN,P
2023-11-06T16:16:37.76Z,2016,0004,4,0002,203.95,220000,235959,,TBFP,TBFP,AVN,P
2023-11-06T16:16:37.76Z,2017,0007,3,0002,193.68,150000,175959,,TBFP,TBFP,AVN,O
2023-11-06T16:16:37.76Z,2017,0007,4,0002,64.56,150000,175959,,TBFP,TBFP,AVN,O
2023-11-06T16:16:37.76Z,2017,0007,1,0002,129.12,180000,205959,,TBP,TBP,AVN,O
2023-11-06T16:16:37.76Z,2017,0007,2,0002,258.25,180000,205959,,TBP,TBP,AVN,O
2023-11-06T16:16:37.76Z,2017,0007,3,0002,387.37,180000,205959,,TBP,TBP,AVN,O
2023-11-06T16:16:37.76Z,2017,0007,4,0002,129.12,180000,205959,,TBP,TBP,AVN,O
2023-11-06T16:16:37.76Z,2017,0007,1,0002,64.56,210000,235959,,TBFP,TBFP,AVN,O
2023-11-06T16:16:37.76Z,2017,0007,2,0002,129.12,210000,235959,,TBFP,TBFP,AVN,O
2023-11-06T16:16:37.76Z,2017,0007,3,0002,193.68,210000,235959,,TBFP,TBFP,AVN,O
2023-11-06T16:16:37.76Z,2017,0007,4,0002,64.56,210000,235959,,TBFP,TBFP,AVN,O
2023-11-06T16:16:37.76Z,2017,0007,1,0004,64.56,000000,125959,,TBFP,TBFP,AVN,O
2023-11-06T16:16:37.76Z,2017,0007,2,0004,129.12,000000,125959,,TBFP,TBFP,AVN,O
2023-11-06T16:16:37.76Z,2017,0007,3,0004,193.68,000000,125959,,TBFP,TBFP,AVN,O
2023-11-06T16:16:37.76Z,2017,0007,4,0004,64.56,000000,125959,,TBFP,TBFP,AVN,O
2023-11-06T16:16:37.76Z,2017,0007,1,0004,129.12,130000,145959,,TBP,TBP,AVN,O
2023-11-06T16:16:37.76Z,2017,0007,2,0004,258.25,130000,145959,,TBP,TBP,AVN,O
2023-11-06T16:16:37.76Z,2017,0007,3,0004,387.37,130000,145959,,TBP,TBP,AVN,O
2023-11-06T16:16:37.76Z,2017,0007,4,0004,129.12,130000,145959,,TBP,TBP,AVN,O
2023-11-06T16:16:37.76Z,2017,0007,1,0004,64.56,150000,175959,,TBFP,TBFP,AVN,O
2023-11-06T16:16:37.76Z,2017,0007,2,0004,129.12,150000,175959,,TBFP,TBFP,AVN,O
2023-11-06T16:16:37.76Z,2017,0007,3,0004,193.68,150000,175959,,TBFP,TBFP,AVN,O
2023-11-06T16:16:37.76Z,2017,0007,4,0004,64.56,150000,175959,,TBFP,TBFP,AVN,O
2023-11-06T16:16:37.76Z,2017,0007,1,0004,129.12,180000,205959,,TBP,TBP,AVN,O
2023-11-06T16:16:37.76Z,2017,0007,2,0004,258.25,180000,205959,,TBP,TBP,AVN,O
2023-11-06T16:16:37.76Z,2017,0007,3,0004,387.37,180000,205959,,TBP,TBP,AVN,O
2023-11-06T16:16:37.76Z,2017,0007,4,0004,129.12,180000,205959,,TBP,TBP,AVN,O
2023-11-06T16:16:37.76Z,2017,0007,1,0004,64.56,210000,235959,,TBFP,TBFP,AVN,O
2023-11-06T16:16:37.76Z,2017,0007,2,0004,129.12,210000,235959,,TBFP,TBFP,AVN,O
2023-11-06T16:16:37.76Z,2017,0007,3,0004,193.68,210000,235959,,TBFP,TBFP,AVN,O
2023-11-06T16:16:37.76Z,2017,0007,4,0004,64.56,210000,235959,,TBFP,TBFP,AVN,O
2023-11-06T16:16:37.76Z,2017,0007,1,0003,64.56,000000,185959,,TBFP,TBFP,AVN,O
2023-11-06T16:16:37.76Z,2017,0007,2,0003,129.12,000000,185959,,TBFP,TBFP,AVN,O
2023-11-06T16:16:37.76Z,2017,0007,3,0003,193.68,000000,185959,,TBFP,TBFP,AVN,O
2023-11-06T16:16:37.76Z,2017,0007,4,0003,64.56,000000,185959,,TBFP,TBFP,AVN,O
2023-11-06T16:16:37.76Z,2017,0007,1,0003,129.12,190000,215959,,TBP,TBP,AVN,O
2023-11-06T16:16:37.76Z,2017,0007,2,0003,258.25,190000,215959,,TBP,TBP,AVN,O
2023-11-06T16:16:37.76Z,2017,0007,3,0003,387.37,190000,215959,,TBP,TBP,AVN,O
2023-11-06T16:16:37.76Z,2017,0007,4,0003,129.12,190000,215959,,TBP,TBP,AVN,O
2023-11-06T16:16:37.76Z,2017,0007,1,0003,64.56,220000,235959,,TBFP,TBFP,AVN,O
2023-11-06T16:16:37.76Z,2017,0007,2,0003,129.12,220000,235959,,TBFP,TBFP,AVN,O
2023-11-06T16:16:37.76Z,2017,0007,3,0003,193.68,220000,235959,,TBFP,TBFP,AVN,O
2023-11-06T16:16:37.76Z,2017,0007,4,0003,64.56,220000,235959,,TBFP,TBFP,AVN,O
2023-11-06T16:16:37.76Z,2017,0009,1,0001,338.95,000000,072959,,TBFP,TBFP,AVN,O
2023-11-06T16:16:37.76Z,2017,0009,2,0001,677.89,000000,072959,,TBFP,TBFP,AVN,O
2023-11-06T16:16:37.76Z,2017,0009,3,0001,1016.84,000000,072959,,TBFP,TBFP,AVN,O
2023-11-06T16:16:37.76Z,2017,0009,4,0001,338.95,000000,072959,,TBFP,TBFP,AVN,O
2023-11-06T16:16:37.76Z,2017,0009,1,0001,677.9,073000,075959,,TBFP,TBP,AVN,O
2023-11-06T16:16:37.76Z,2017,0009,2,0001,1355.79,073000,075959,,TBFP,TBP,AVN,O
2023-11-06T16:16:37.76Z,2017,0009,3,0001,2033.69,073000,075959,,TBFP,TBP,AVN,O
2023-11-06T16:16:37.76Z,2017,0009,4,0001,677.9,073000,075959,,TBFP,TBP,AVN,O
2023-11-06T16:16:37.76Z,2017,0009,1,0001,338.95,080000,175959,,TBFP,TBFP,AVN,O
2023-11-06T16:16:37.76Z,2017,0009,2,0001,677.89,080000,175959,,TBFP,TBFP,AVN,O
2023-11-06T16:16:37.76Z,2017,0009,3,0001,1016.84,080000,175959,,TBFP,TBFP,AVN,O
2023-11-06T16:16:37.76Z,2017,0009,4,0001,338.95,080000,175959,,TBFP,TBFP,AVN,O
2023-11-06T16:16:37.76Z,2017,0009,1,0001,677.9,180000,195959,,TBP,TBP,AVN,O
2023-11-06T16:16:37.76Z,2017,0009,2,0001,1355.79,180000,195959,,TBP,TBP,AVN,O
2023-11-06T16:16:37.76Z,2017,0009,3,0001,2033.69,180000,195959,,TBP,TBP,AVN,O
2023-11-06T16:16:37.76Z,2017,0009,4,0001,677.9,180000,195959,,TBP,TBP,AVN,O
2023-11-06T16:16:37.76Z,2017,0009,1,0001,338.95,200000,235959,,TBFP,TBFP,AVN,O
2023-11-06T16:16:37.76Z,2017,0009,2,0001,677.89,200000,235959,,TBFP,TBFP,AVN,O
2023-11-06T16:16:37.76Z,2017,0009,3,0001,1016.84,200000,235959,,TBFP,TBFP,AVN,O
2023-11-06T16:16:37.76Z,2017,0009,4,0001,338.95,200000,235959,,TBFP,TBFP,AVN,O
2023-11-06T16:16:37.76Z,2017,0009,1,0002,338.95,000000,125959,,TBFP,TBFP,AVN,O
2023-11-06T16:16:37.76Z,2017,0009,2,0002,677.89,000000,125959,,TBFP,TBFP,AVN,O
2023-11-06T16:16:37.76Z,2017,0009,3,0002,1016.84,000000,125959,,TBFP,TBFP,AVN,O
2023-11-06T16:16:37.76Z,2017,0009,4,0002,338.95,000000,125959,,TBFP,TBFP,AVN,O
2023-11-06T16:16:37.76Z,2017,0009,1,0002,677.9,130000,145959,,TBP,TBP,AVN,O
2023-11-06T16:16:37.76Z,2017,0009,2,0002,1355.79,130000,145959,,TBP,TBP,AVN,O
2023-11-06T16:16:37.76Z,2009,0013,3,0002,,200000,215959,,TBP,TBP,AVN,P
2023-11-06T16:16:37.76Z,2009,0013,4,0002,,200000,215959,,TBP,TBP,AVN,P
2023-11-06T16:16:37.76Z,2009,0013,1,0002,,220000,235959,,TBFP,TBFP,AVN,P
2023-11-06T16:16:37.76Z,2009,0013,2,0002,,220000,235959,,TBFP,TBFP,AVN,P
2023-11-06T16:16:37.76Z,2009,0013,3,0002,,220000,235959,,TBFP,TBFP,AVN,P
2023-11-06T16:16:37.76Z,2009,0013,4,0002,,220000,235959,,TBFP,TBFP,AVN,P
2023-11-06T16:16:37.76Z,2009,0013,1,0004,,000000,125959,,TBFP,TBFP,AVN,P
2023-11-06T16:16:37.76Z,2009,0013,2,0004,,000000,125959,,TBFP,TBFP,AVN,P
2023-11-06T16:16:37.76Z,2009,0013,3,0004,,000000,125959,,TBFP,TBFP,AVN,P
2023-11-06T16:16:37.76Z,2009,0013,4,0004,,000000,125959,,TBFP,TBFP,AVN,P
2023-11-06T16:16:37.76Z,2009,0013,1,0004,,130000,145959,,TBP,TBP,AVN,P
2023-11-06T16:16:37.76Z,2009,0013,2,0004,,130000,145959,,TBP,TBP,AVN,P
2023-11-06T16:16:37.76Z,2009,0013,3,0004,,130000,145959,,TBP,TBP,AVN,P
2023-11-06T16:16:37.76Z,2009,0013,4,0004,,130000,145959,,TBP,TBP,AVN,P
2023-11-06T16:16:37.76Z,2009,0013,1,0004,,150000,195959,,TBFP,TBFP,AVN,P
2023-11-06T16:16:37.76Z,2009,0013,2,0004,,150000,195959,,TBFP,TBFP,AVN,P
2023-11-06T16:16:37.76Z,2009,0013,3,0004,,150000,195959,,TBFP,TBFP,AVN,P
2023-11-06T16:16:37.76Z,2009,0013,4,0004,,150000,195959,,TBFP,TBFP,AVN,P
2023-11-06T16:16:37.76Z,2009,0013,1,0004,,200000,215959,,TBP,TBP,AVN,P
2023-11-06T16:16:37.76Z,2009,0013,2,0004,,200000,215959,,TBP,TBP,AVN,P
2023-11-06T16:16:37.76Z,2009,0013,3,0004,,200000,215959,,TBP,TBP,AVN,P
2023-11-06T16:16:37.76Z,2009,0013,4,0004,,200000,215959,,TBP,TBP,AVN,P
2023-11-06T16:16:37.76Z,2009,0013,1,0004,,220000,235959,,TBFP,TBFP,AVN,P
2023-11-06T16:16:37.76Z,2009,0013,2,0004,,220000,235959,,TBFP,TBFP,AVN,P
2023-11-06T16:16:37.76Z,2009,0013,3,0004,,220000,235959,,TBFP,TBFP,AVN,P
2023-11-06T16:16:37.76Z,2009,0013,4,0004,,220000,235959,,TBFP,TBFP,AVN,P
2023-11-06T16:16:37.76Z,2009,0013,1,0003,,000000,235959,,TBFP,TBFP,AVN,P
2023-11-06T16:16:37.76Z,2009,0013,2,0003,,000000,235959,,TBFP,TBFP,AVN,P
2023-11-06T16:16:37.76Z,2009,0013,3,0003,,000000,235959,,TBFP,TBFP,AVN,P
2023-11-06T16:16:37.76Z,2009,0013,4,0003,,000000,235959,,TBFP,TBFP,AVN,P
2023-11-06T16:16:37.76Z,2009,0011,1,0001,,000000,235959,,TBFP,TBFP,AVN,P
2023-11-06T16:16:37.76Z,2009,0011,2,0001,,000000,235959,,TBFP,TBFP,AVN,P
2023-11-06T16:16:37.76Z,2009,0011,3,0001,,000000,235959,,TBFP,TBFP,AVN,P
2023-11-06T16:16:37.76Z,2009,0011,4,0001,,000000,235959,,TBFP,TBFP,AVN,P
2023-11-06T16:16:37.76Z,2009,0011,1,0002,,000000,125959,,TBFP,TBFP,AVN,P
2023-11-06T16:16:37.76Z,2009,0011,2,0002,,000000,125959,,TBFP,TBFP,AVN,P
2023-11-06T16:16:37.76Z,2009,0011,3,0002,,000000,125959,,TBFP,TBFP,AVN,P
2023-11-06T16:16:37.76Z,2009,0011,4,0002,,000000,125959,,TBFP,TBFP,AVN,P
2023-11-06T16:16:37.76Z,2009,0011,1,0002,,130000,145959,,TBP,TBP,AVN,P
2023-11-06T16:16:37.76Z,2009,0011,2,0002,,130000,145959,,TBP,TBP,AVN,P
2023-11-06T16:16:37.76Z,2009,0011,3,0002,,130000,145959,,TBP,TBP,AVN,P
2023-11-06T16:16:37.76Z,2009,0011,4,0002,,130000,145959,,TBP,TBP,AVN,P
2023-11-06T16:16:37.76Z,2009,0011,1,0002,,150000,195959,,TBFP,TBFP,AVN,P
2023-11-06T16:16:37.76Z,2009,0011,2,0002,,150000,195959,,TBFP,TBFP,AVN,P
2023-11-06T16:16:37.76Z,2009,0011,3,0002,,150000,195959,,TBFP,TBFP,AVN,P
2023-11-06T16:16:37.76Z,2009,0011,4,0002,,150000,195959,,TBFP,TBFP,AVN,P
2023-11-06T16:16:37.76Z,2009,0011,1,0002,,200000,215959,,TBP,TBP,AVN,P
2023-11-06T16:16:37.76Z,2009,0011,2,0002,,200000,215959,,TBP,TBP,AVN,P
2023-11-06T16:16:37.76Z,2009,0011,3,0002,,200000,215959,,TBP,TBP,AVN,P
2023-11-06T16:16:37.76Z,2009,0011,4,0002,,200000,215959,,TBP,TBP,AVN,P
2023-11-06T16:16:37.76Z,2009,0011,1,0002,,220000,235959,,TBFP,TBFP,AVN,P
2023-11-06T16:16:37.76Z,2009,0011,2,0002,,220000,235959,,TBFP,TBFP,AVN,P
2023-11-06T16:16:37.76Z,2009,0011,3,0002,,220000,235959,,TBFP,TBFP,AVN,P
2023-11-06T16:16:37.76Z,2009,0011,4,0002,,220000,235959,,TBFP,TBFP,AVN,P
2023-11-06T16:16:37.76Z,2009,0011,1,0004,,000000,125959,,TBFP,TBFP,AVN,P
2023-11-06T16:16:37.76Z,2009,0011,2,0004,,000000,125959,,TBFP,TBFP,AVN,P
2023-11-06T16:16:37.76Z,2009,0011,3,0004,,000000,125959,,TBFP,TBFP,AVN,P
2023-11-06T16:16:37.76Z,2009,0011,4,0004,,000000,125959,,TBFP,TBFP,AVN,P
2023-11-06T16:16:37.76Z,2009,0011,1,0004,,130000,145959,,TBP,TBP,AVN,P
2023-11-06T16:16:37.76Z,2009,0011,2,0004,,130000,145959,,TBP,TBP,AVN,P
2023-11-06T16:16:37.76Z,2009,0011,3,0004,,130000,145959,,TBP,TBP,AVN,P
2023-11-06T16:16:37.76Z,2009,0011,4,0004,,130000,145959,,TBP,TBP,AVN,P
2023-11-06T16:16:37.76Z,2009,0011,1,0004,,150000,195959,,TBFP,TBFP,AVN,P
2023-11-06T16:16:37.76Z,2009,0011,2,0004,,150000,195959,,TBFP,TBFP,AVN,P
2023-11-06T16:16:37.76Z,2009,0011,3,0004,,150000,195959,,TBFP,TBFP,AVN,P
2023-11-06T16:16:37.76Z,2009,0011,4,0004,,150000,195959,,TBFP,TBFP,AVN,P
2023-11-06T16:16:37.76Z,2009,0011,1,0004,,200000,215959,,TBP,TBP,AVN,P
2023-11-06T16:16:37.76Z,2009,0011,2,0004,,200000,215959,,TBP,TBP,AVN,P
2023-11-06T16:16:37.76Z,2009,0004,3,0004,,110000,135959,,TBP,TBP,AVN,P
2023-11-06T16:16:37.76Z,2009,0004,4,0004,,110000,135959,,TBP,TBP,AVN,P
2023-11-06T16:16:37.76Z,2009,0004,1,0004,,140000,185959,,TBFP,TBFP,AVN,P
2023-11-06T16:16:37.76Z,2009,0004,2,0004,,140000,185959,,TBFP,TBFP,AVN,P
2023-11-06T16:16:37.76Z,2009,0004,3,0004,,140000,185959,,TBFP,TBFP,AVN,P
2023-11-06T16:16:37.76Z,2009,0004,4,0004,,140000,185959,,TBFP,TBFP,AVN,P
2023-11-06T16:16:37.76Z,2009,0004,1,0004,,190000,215959,,TBP,TBP,AVN,P
2023-11-06T16:16:37.76Z,2009,0004,2,0004,,190000,215959,,TBP,TBP,AVN,P
2023-11-06T16:16:37.76Z,2009,0004,3,0004,,190000,215959,,TBP,TBP,AVN,P
2023-11-06T16:16:37.76Z,2009,0004,4,0004,,190000,215959,,TBP,TBP,AVN,P
2023-11-06T16:16:37.76Z,2009,0004,1,0004,,220000,235959,,TBFP,TBFP,AVN,P
2023-11-06T16:16:37.76Z,2009,0004,2,0004,,220000,235959,,TBFP,TBFP,AVN,P
2023-11-06T16:16:37.76Z,2009,0004,3,0004,,220000,235959,,TBFP,TBFP,AVN,P
2023-11-06T16:16:37.76Z,2009,0004,4,0004,,220000,235959,,TBFP,TBFP,AVN,P
2023-11-06T16:16:37.76Z,2009,0004,1,0003,,000000,235959,,TBFP,TBFP,AVN,P
2023-11-06T16:16:37.76Z,2009,0004,2,0003,,000000,235959,,TBFP,TBFP,AVN,P
2023-11-06T16:16:37.76Z,2009,0004,3,0003,,000000,235959,,TBFP,TBFP,AVN,P
2023-11-06T16:16:37.76Z,2009,0004,4,0003,,000000,235959,,TBFP,TBFP,AVN,P
2023-11-06T16:16:37.76Z,2009,0002,1,0001,,000000,235959,,TBFP,TBFP,AVN,P
2023-11-06T16:16:37.76Z,2009,0002,2,0001,,000000,235959,,TBFP,TBFP,AVN,P
2023-11-06T16:16:37.76Z,2009,0002,3,0001,,000000,235959,,TBFP,TBFP,AVN,P
2023-11-06T16:16:37.76Z,2009,0002,4,0001,,000000,235959,,TBFP,TBFP,AVN,P
2023-11-06T16:16:37.76Z,2009,0002,1,0002,,000000,235959,,TBFP,TBFP,AVN,P
2023-11-06T16:16:37.76Z,2009,0002,2,0002,,000000,235959,,TBFP,TBFP,AVN,P
2023-11-06T16:16:37.76Z,2009,0002,3,0002,,000000,235959,,TBFP,TBFP,AVN,P
2023-11-06T16:16:37.76Z,2009,0002,4,0002,,000000,235959,,TBFP,TBFP,AVN,P
2023-11-06T16:16:37.76Z,2009,0002,1,0003,,000000,235959,,TBFP,TBFP,AVN,P
2023-11-06T16:16:37.76Z,2009,0002,2,0003,,000000,235959,,TBFP,TBFP,AVN,P
2023-11-06T16:16:37.76Z,2009,0002,3,0003,,000000,235959,,TBFP,TBFP,AVN,P
2023-11-06T16:16:37.76Z,2009,0002,4,0003,,000000,235959,,TBFP,TBFP,AVN,P
2023-11-06T16:16:37.76Z,2009,0002,1,0004,,000000,235959,,TBFP,TBFP,AVN,P
2023-11-06T16:16:37.76Z,2009,0002,2,0004,,000000,235959,,TBFP,TBFP,AVN,P
2023-11-06T16:16:37.76Z,2009,0002,3,0004,,000000,235959,,TBFP,TBFP,AVN,P
2023-11-06T16:16:37.76Z,2009,0002,4,0004,,000000,235959,,TBFP,TBFP,AVN,P
2023-11-06T16:16:37.76Z,2009,0001,1,0001,,000000,075959,,TBFP,TBFP,AVN,O
2023-11-06T16:16:37.76Z,2009,0001,2,0001,,000000,075959,,TBFP,TBFP,AVN,O
2023-11-06T16:16:37.76Z,2009,0001,3,0001,,000000,075959,,TBFP,TBFP,AVN,O
2023-11-06T16:16:37.76Z,2009,0001,4,0001,,000000,075959,,TBFP,TBFP,AVN,O
2023-11-06T16:16:37.76Z,2009,0001,1,0001,,080000,082959,,TBFP,TBP,AVN,O
2023-11-06T16:16:37.76Z,2009,0001,2,0001,,080000,082959,,TBFP,TBP,AVN,O
2023-11-06T16:16:37.76Z,2009,0001,3,0001,,080000,082959,,TBFP,TBP,AVN,O
2023-11-06T16:16:37.76Z,2009,0001,4,0001,,080000,082959,,TBFP,TBP,AVN,O
2023-11-06T16:16:37.76Z,2009,0001,1,0001,,083000,235959,,TBFP,TBFP,AVN,O
2023-11-06T16:16:37.76Z,2009,0001,2,0001,,083000,235959,,TBFP,TBFP,AVN,O
2023-11-06T16:16:37.76Z,2009,0001,3,0001,,083000,235959,,TBFP,TBFP,AVN,O
2023-11-06T16:16:37.76Z,2009,0001,4,0001,,083000,235959,,TBFP,TBFP,AVN,O
2023-11-06T16:16:37.76Z,2009,0001,1,0002,,000000,235959,,TBFP,TBFP,AVN,O
2023-11-06T16:16:37.76Z,2009,0001,2,0002,,000000,235959,,TBFP,TBFP,AVN,O
2023-11-06T16:16:37.76Z,2009,0001,3,0002,,000000,235959,,TBFP,TBFP,AVN,O
2023-11-06T16:16:37.76Z,2009,0001,4,0002,,000000,235959,,TBFP,TBFP,AVN,O
2023-11-06T16:16:37.76Z,2009,0001,1,0003,,000000,235959,,TBFP,TBFP,AVN,O
2023-11-06T16:16:37.76Z,2009,0001,2,0003,,000000,235959,,TBFP,TBFP,AVN,O
2023-11-06T16:16:37.76Z,2009,0001,3,0003,,000000,235959,,TBFP,TBFP,AVN,O
2023-11-06T16:16:37.76Z,2009,0001,4,0003,,000000,235959,,TBFP,TBFP,AVN,O
2023-11-06T16:16:37.76Z,2009,0001,1,0004,,000000,235959,,TBFP,TBFP,AVN,O
2023-11-06T16:16:37.76Z,2009,0001,2,0004,,000000,235959,,TBFP,TBFP,AVN,O
2023-11-06T16:16:37.76Z,2009,0001,3,0004,,000000,235959,,TBFP,TBFP,AVN,O
2023-11-06T16:16:37.76Z,2009,0001,4,0004,,000000,235959,,TBFP,TBFP,AVN,O
2023-11-06T16:16:37.76Z,2009,0003,1,0001,,000000,072959,,TBFP,TBFP,AVN,O
2023-11-06T16:16:37.76Z,2009,0003,2,0001,,000000,072959,,TBFP,TBFP,AVN,O
2023-11-06T16:16:37.76Z,2009,0003,3,0001,,000000,072959,,TBFP,TBFP,AVN,O
2023-11-06T16:16:37.76Z,2009,0003,4,0001,,000000,072959,,TBFP,TBFP,AVN,O
2023-11-06T16:16:37.76Z,2009,0003,1,0001,,073000,092959,,TBP,TBP,AVN,O
2023-11-06T16:16:37.76Z,2009,0003,2,0001,,073000,092959,,TBP,TBP,AVN,O
2023-11-06T16:16:37.76Z,2009,0003,3,0001,,073000,092959,,TBP,TBP,AVN,O
2023-11-06T16:16:37.76Z,2009,0003,4,0001,,073000,092959,,TBP,TBP,AVN,O
2023-11-06T16:16:37.76Z,2009,0003,1,0001,,093000,235959,,TBFP,TBFP,AVN,O
2023-11-06T16:16:37.76Z,2009,0007,2,0003,,190000,215959,,TBP,TBP,AVN,O
2023-11-06T16:16:37.76Z,2009,0007,3,0003,,190000,215959,,TBP,TBP,AVN,O
2023-11-06T16:16:37.76Z,2009,0007,4,0003,,190000,215959,,TBP,TBP,AVN,O
2023-11-06T16:16:37.76Z,2009,0007,1,0003,,220000,235959,,TBFP,TBFP,AVN,O
2023-11-06T16:16:37.76Z,2009,0007,2,0003,,220000,235959,,TBFP,TBFP,AVN,O
2023-11-06T16:16:37.76Z,2009,0007,3,0003,,220000,235959,,TBFP,TBFP,AVN,O
2023-11-06T16:16:37.76Z,2009,0007,4,0003,,220000,235959,,TBFP,TBFP,AVN,O
2023-11-06T16:16:37.76Z,2009,0009,1,0001,,000000,175959,,TBFP,TBFP,AVN,O
2023-11-06T16:16:37.76Z,2009,0009,2,0001,,000000,175959,,TBFP,TBFP,AVN,O
2023-11-06T16:16:37.76Z,2009,0009,3,0001,,000000,175959,,TBFP,TBFP,AVN,O
2023-11-06T16:16:37.76Z,2009,0009,4,0001,,000000,175959,,TBFP,TBFP,AVN,O
2023-11-06T16:16:37.76Z,2009,0009,1,0001,,180000,195959,,TBP,TBP,AVN,O
2023-11-06T16:16:37.76Z,2009,0009,2,0001,,180000,195959,,TBP,TBP,AVN,O
2023-11-06T16:16:37.76Z,2009,0009,3,0001,,180000,195959,,TBP,TBP,AVN,O
2023-11-06T16:16:37.76Z,2009,0009,4,0001,,180000,195959,,TBP,TBP,AVN,O
2023-11-06T16:16:37.76Z,2009,0009,1,0001,,200000,235959,,TBFP,TBFP,AVN,O
2023-11-06T16:16:37.76Z,2009,0009,2,0001,,200000,235959,,TBFP,TBFP,AVN,O
2023-11-06T16:16:37.76Z,2009,0009,3,0001,,200000,235959,,TBFP,TBFP,AVN,O
2023-11-06T16:16:37.76Z,2009,0009,4,0001,,200000,235959,,TBFP,TBFP,AVN,O
2023-11-06T16:16:37.76Z,2009,0009,1,0002,,000000,125959,,TBFP,TBFP,AVN,O
2023-11-06T16:16:37.76Z,2009,0009,2,0002,,000000,125959,,TBFP,TBFP,AVN,O
2023-11-06T16:16:37.76Z,2009,0009,3,0002,,000000,125959,,TBFP,TBFP,AVN,O
2023-11-06T16:16:37.76Z,2009,0009,4,0002,,000000,125959,,TBFP,TBFP,AVN,O
2023-11-06T16:16:37.76Z,2009,0009,1,0002,,130000,145959,,TBP,TBP,AVN,O
2023-11-06T16:16:37.76Z,2020,0007,2,0004,148.98,150000,175959,,TBFP,TBFP,AVN,O
2023-11-06T16:16:37.76Z,2020,0007,3,0004,223.47,150000,175959,,TBFP,TBFP,AVN,O
2023-11-06T16:16:37.76Z,2020,0007,4,0004,74.49,150000,175959,,TBFP,TBFP,AVN,O
2023-11-06T16:16:37.76Z,2020,0007,1,0004,148.98,180000,205959,,TBP,TBP,AVN,O
2023-11-06T16:16:37.76Z,2020,0007,2,0004,297.96,180000,205959,,TBP,TBP,AVN,O
2023-11-06T16:16:37.76Z,2020,0007,3,0004,446.95,180000,205959,,TBP,TBP,AVN,O
2023-11-06T16:16:37.76Z,2020,0007,4,0004,148.98,180000,205959,,TBP,TBP,AVN,O
2023-11-06T16:16:37.76Z,2020,0007,1,0004,74.49,210000,235959,,TBFP,TBFP,AVN,O
2023-11-06T16:16:37.76Z,2020,0007,2,0004,148.98,210000,235959,,TBFP,TBFP,AVN,O
2023-11-06T16:16:37.76Z,2020,0007,3,0004,223.47,210000,235959,,TBFP,TBFP,AVN,O
2023-11-06T16:16:37.76Z,2020,0007,4,0004,74.49,210000,235959,,TBFP,TBFP,AVN,O
2023-11-06T16:16:37.76Z,2020,0007,1,0003,74.49,000000,185959,,TBFP,TBFP,AVN,O
2023-11-06T16:16:37.76Z,2020,0007,2,0003,148.98,000000,185959,,TBFP,TBFP,AVN,O
2023-11-06T16:16:37.76Z,2020,0007,3,0003,223.47,000000,185959,,TBFP,TBFP,AVN,O
2023-11-06T16:16:37.76Z,2020,0007,4,0003,74.49,000000,185959,,TBFP,TBFP,AVN,O
2023-11-06T16:16:37.76Z,2020,0007,1,0003,148.98,190000,215959,,TBP,TBP,AVN,O
2023-11-06T16:16:37.76Z,2020,0007,2,0003,297.96,190000,215959,,TBP,TBP,AVN,O
2023-11-06T16:16:37.76Z,2020,0007,3,0003,446.95,190000,215959,,TBP,TBP,AVN,O
2023-11-06T16:16:37.76Z,2020,0007,4,0003,148.98,190000,215959,,TBP,TBP,AVN,O
2023-11-06T16:16:37.76Z,2020,0007,1,0003,74.49,220000,235959,,TBFP,TBFP,AVN,O
2023-11-06T16:16:37.76Z,2020,0007,2,0003,148.98,220000,235959,,TBFP,TBFP,AVN,O
2023-11-06T16:16:37.76Z,2020,0007,3,0003,223.47,220000,235959,,TBFP,TBFP,AVN,O
2023-11-06T16:16:37.76Z,2020,0007,4,0003,74.49,220000,235959,,TBFP,TBFP,AVN,O
2023-11-06T16:16:37.76Z,2020,0009,1,0001,391.08,000000,175959,,TBFP,TBFP,AVN,O
2023-11-06T16:16:37.76Z,2020,0009,2,0001,782.16,000000,175959,,TBFP,TBFP,AVN,O
2023-11-06T16:16:37.76Z,2020,0009,3,0001,1173.23,000000,175959,,TBFP,TBFP,AVN,O
2023-11-06T16:16:37.76Z,2020,0009,4,0001,391.08,000000,175959,,TBFP,TBFP,AVN,O
2023-11-06T16:16:37.76Z,2020,0009,1,0001,782.16,180000,195959,,TBP,TBP,AVN,O
2023-11-06T16:16:37.76Z,2020,0009,2,0001,1564.31,180000,195959,,TBP,TBP,AVN,O
2023-11-06T16:16:37.76Z,2020,0009,3,0001,2346.47,180000,195959,,TBP,TBP,AVN,O
2023-11-06T16:16:37.76Z,2020,0009,4,0001,782.16,180000,195959,,TBP,TBP,AVN,O
2023-11-06T16:16:37.76Z,2020,0009,1,0001,391.08,200000,235959,,TBFP,TBFP,AVN,O
2023-11-06T16:16:37.76Z,2020,0009,2,0001,782.16,200000,235959,,TBFP,TBFP,AVN,O
2023-11-06T16:16:37.76Z,2020,0009,3,0001,1173.23,200000,235959,,TBFP,TBFP,AVN,O
2023-11-06T16:16:37.76Z,2020,0009,4,0001,391.08,200000,235959,,TBFP,TBFP,AVN,O
2023-11-06T16:16:37.76Z,2020,0009,1,0002,391.08,000000,125959,,TBFP,TBFP,AVN,O
2023-11-06T16:16:37.76Z,2020,0009,2,0002,782.16,000000,125959,,TBFP,TBFP,AVN,O
2023-11-06T16:16:37.76Z,2020,0009,3,0002,1173.23,000000,125959,,TBFP,TBFP,AVN,O
2023-11-06T16:16:37.76Z,2020,0009,4,0002,391.08,000000,125959,,TBFP,TBFP,AVN,O
2023-11-06T16:16:37.76Z,2020,0009,1,0002,782.16,130000,145959,,TBP,TBP,AVN,O
2023-11-06T16:16:37.76Z,2020,0009,2,0002,1564.31,130000,145959,,TBP,TBP,AVN,O
2023-11-06T16:16:37.76Z,2020,0009,3,0002,2346.47,130000,145959,,TBP,TBP,AVN,O
2023-11-06T16:16:37.76Z,2020,0009,4,0002,782.16,130000,145959,,TBP,TBP,AVN,O
2023-11-06T16:16:37.76Z,2020,0009,1,0002,391.08,150000,175959,,TBFP,TBFP,AVN,O
2023-11-06T16:16:37.76Z,2019,0101,4,0001,392,203000,235959,2195,TBFP,TBFP,TSC,N
2023-11-06T16:16:37.76Z,2010,0009,2,0002,,130000,145959,,TBP,TBP,AVN,O
2023-11-06T16:16:37.76Z,2010,0009,3,0002,,130000,145959,,TBP,TBP,AVN,O
2023-11-06T16:16:37.76Z,2010,0009,4,0002,,130000,145959,,TBP,TBP,AVN,O
2023-11-06T16:16:37.76Z,2010,0009,1,0002,,150000,175959,,TBFP,TBFP,AVN,O
2023-11-06T16:16:37.76Z,2010,0009,2,0002,,150000,175959,,TBFP,TBFP,AVN,O
2023-11-06T16:16:37.76Z,2010,0009,3,0002,,150000,175959,,TBFP,TBFP,AVN,O
2023-11-06T16:16:37.76Z,2010,0009,4,0002,,150000,175959,,TBFP,TBFP,AVN,O
2023-11-06T16:16:37.76Z,2010,0009,1,0002,,180000,205959,,TBP,TBP,AVN,O
2023-11-06T16:16:37.76Z,2010,0009,2,0002,,180000,205959,,TBP,TBP,AVN,O
2023-11-06T16:16:37.76Z,2010,0009,3,0002,,180000,205959,,TBP,TBP,AVN,O
2023-11-06T16:16:37.76Z,2010,0009,4,0002,,180000,205959,,TBP,TBP,AVN,O
2023-11-06T16:16:37.76Z,2010,0009,1,0002,,210000,235959,,TBFP,TBFP,AVN,O
2023-11-06T16:16:37.76Z,2010,0009,2,0002,,210000,235959,,TBFP,TBFP,AVN,O
2023-11-06T16:16:37.76Z,2010,0009,3,0002,,210000,235959,,TBFP,TBFP,AVN,O
2023-11-06T16:16:37.76Z,2010,0009,4,0002,,210000,235959,,TBFP,TBFP,AVN,O
2023-11-06T16:16:37.76Z,2010,0009,1,0004,,000000,125959,,TBFP,TBFP,AVN,O
2023-11-06T16:16:37.76Z,2010,0009,2,0004,,000000,125959,,TBFP,TBFP,AVN,O
2023-11-06T16:16:37.76Z,2010,0009,3,0004,,000000,125959,,TBFP,TBFP,AVN,O
2023-11-06T16:16:37.76Z,2010,0009,4,0004,,000000,125959,,TBFP,TBFP,AVN,O
2023-11-06T16:16:37.76Z,2010,0009,1,0004,,130000,145959,,TBP,TBP,AVN,O
2023-11-06T16:16:37.76Z,2010,0009,2,0004,,130000,145959,,TBP,TBP,AVN,O
2023-11-06T16:16:37.76Z,2010,0009,3,0004,,130000,145959,,TBP,TBP,AVN,O
2023-11-06T16:16:37.76Z,2010,0009,4,0004,,130000,145959,,TBP,TBP,AVN,O
2023-11-06T16:16:37.76Z,2010,0009,1,0004,,150000,175959,,TBFP,TBFP,AVN,O
2023-11-06T16:16:37.76Z,2010,0009,2,0004,,150000,175959,,TBFP,TBFP,AVN,O
2023-11-06T16:16:37.76Z,2010,0009,3,0004,,150000,175959,,TBFP,TBFP,AVN,O
2023-11-06T16:16:37.76Z,2010,0009,4,0004,,150000,175959,,TBFP,TBFP,AVN,O
2023-11-06T16:16:37.76Z,2010,0009,1,0004,,180000,205959,,TBP,TBP,AVN,O
2023-11-06T16:16:37.76Z,2010,0009,2,0004,,180000,205959,,TBP,TBP,AVN,O
2023-11-06T16:16:37.76Z,2010,0009,3,0004,,180000,205959,,TBP,TBP,AVN,O
2023-11-06T16:16:37.76Z,2010,0009,4,0004,,180000,205959,,TBP,TBP,AVN,O
2023-11-06T16:16:37.76Z,2010,0009,1,0004,,210000,235959,,TBFP,TBFP,AVN,O
2023-11-06T16:16:37.76Z,2010,0009,2,0004,,210000,235959,,TBFP,TBFP,AVN,O
2023-11-06T16:16:37.76Z,2010,0009,3,0004,,210000,235959,,TBFP,TBFP,AVN,O
2023-11-06T16:16:37.76Z,2010,0009,4,0004,,210000,235959,,TBFP,TBFP,AVN,O
2023-11-06T16:16:37.76Z,2010,0009,1,0003,,000000,185959,,TBFP,TBFP,AVN,O
2023-11-06T16:16:37.76Z,2010,0009,2,0003,,000000,185959,,TBFP,TBFP,AVN,O
2023-11-06T16:16:37.76Z,2010,0009,3,0003,,000000,185959,,TBFP,TBFP,AVN,O
2023-11-06T16:16:37.76Z,2010,0009,4,0003,,000000,185959,,TBFP,TBFP,AVN,O
2023-11-06T16:16:37.76Z,2010,0009,1,0003,,190000,215959,,TBP,TBP,AVN,O
2023-11-06T16:16:37.76Z,2010,0009,2,0003,,190000,215959,,TBP,TBP,AVN,O
2023-11-06T16:16:37.76Z,2010,0009,3,0003,,190000,215959,,TBP,TBP,AVN,O
2023-11-06T16:16:37.76Z,2010,0009,4,0003,,190000,215959,,TBP,TBP,AVN,O
2023-11-06T16:16:37.76Z,2010,0009,1,0003,,220000,235959,,TBFP,TBFP,AVN,O
2023-11-06T16:16:37.76Z,2010,0009,2,0003,,220000,235959,,TBFP,TBFP,AVN,O
2023-11-06T16:16:37.76Z,2010,0009,3,0003,,220000,235959,,TBFP,TBFP,AVN,O
2023-11-06T16:16:37.76Z,2010,0009,4,0003,,220000,235959,,TBFP,TBFP,AVN,O
2023-11-06T16:16:37.76Z,2010,0010,1,0001,,000000,072959,,TBFP,TBFP,AVN,O
2023-11-06T16:16:37.76Z,2010,0010,2,0001,,000000,072959,,TBFP,TBFP,AVN,O
2023-11-06T16:16:37.76Z,2010,0010,3,0001,,000000,072959,,TBFP,TBFP,AVN,O
2023-11-06T16:16:37.76Z,2010,0010,4,0001,,000000,072959,,TBFP,TBFP,AVN,O
2023-11-06T16:16:37.76Z,2010,0010,1,0001,,073000,092959,,TBP,TBP,AVN,O
2023-11-06T16:16:37.76Z,2010,0010,2,0001,,073000,092959,,TBP,TBP,AVN,O
2023-11-06T16:16:37.76Z,2010,0010,3,0001,,073000,092959,,TBP,TBP,AVN,O
2023-11-06T16:16:37.76Z,2010,0010,4,0001,,073000,092959,,TBP,TBP,AVN,O
2023-11-06T16:16:37.76Z,2010,0010,1,0001,,093000,175959,,TBFP,TBFP,AVN,O
2023-11-06T16:16:37.76Z,2010,0010,2,0001,,093000,175959,,TBFP,TBFP,AVN,O
2023-11-06T16:16:37.76Z,2010,0010,3,0001,,093000,175959,,TBFP,TBFP,AVN,O
2023-11-06T16:16:37.76Z,2010,0010,4,0001,,093000,175959,,TBFP,TBFP,AVN,O
2023-11-06T16:16:37.76Z,2010,0010,1,0001,,180000,195959,,TBP,TBP,AVN,O
2023-11-06T16:16:37.76Z,2010,0010,2,0001,,180000,195959,,TBP,TBP,AVN,O
2023-11-06T16:16:37.76Z,2010,0010,3,0001,,180000,195959,,TBP,TBP,AVN,O
2023-11-06T16:16:37.76Z,2010,0010,4,0001,,180000,195959,,TBP,TBP,AVN,O
2023-11-06T16:16:37.76Z,2010,0010,1,0001,,200000,235959,,TBFP,TBFP,AVN,O
2023-11-06T16:16:37.76Z,2010,0010,2,0001,,200000,235959,,TBFP,TBFP,AVN,O
2023-11-06T16:16:37.76Z,2010,0010,3,0001,,200000,235959,,TBFP,TBFP,AVN,O
2023-11-06T16:16:37.76Z,2010,0010,4,0001,,200000,235959,,TBFP,TBFP,AVN,O
2023-11-06T16:16:37.76Z,2011,0011,4,0001,,000000,235959,,TBFP,TBFP,AVN,P
2023-11-06T16:16:37.76Z,2011,0011,1,0002,,000000,125959,,TBFP,TBFP,AVN,P
2023-11-06T16:16:37.76Z,2011,0011,2,0002,,000000,125959,,TBFP,TBFP,AVN,P
2023-11-06T16:16:37.76Z,2011,0011,3,0002,,000000,125959,,TBFP,TBFP,AVN,P
2023-11-06T16:16:37.76Z,2011,0011,4,0002,,000000,125959,,TBFP,TBFP,AVN,P
2023-11-06T16:16:37.76Z,2011,0011,1,0002,,130000,145959,,TBP,TBP,AVN,P
2023-11-06T16:16:37.76Z,2011,0011,2,0002,,130000,145959,,TBP,TBP,AVN,P
2023-11-06T16:16:37.76Z,2011,0011,3,0002,,130000,145959,,TBP,TBP,AVN,P
2023-11-06T16:16:37.76Z,2011,0011,4,0002,,130000,145959,,TBP,TBP,AVN,P
2023-11-06T16:16:37.76Z,2011,0011,1,0002,,150000,195959,,TBFP,TBFP,AVN,P
2023-11-06T16:16:37.76Z,2011,0011,2,0002,,150000,195959,,TBFP,TBFP,AVN,P
2023-11-06T16:16:37.76Z,2011,0011,3,0002,,150000,195959,,TBFP,TBFP,AVN,P
2023-11-06T16:16:37.76Z,2011,0011,4,0002,,150000,195959,,TBFP,TBFP,AVN,P
2023-11-06T16:16:37.76Z,2023,0007,1,0002,185.09,180000,205959,,TBP,TBP,AVN,O
2023-11-06T16:16:37.76Z,2023,0007,2,0002,370.19,180000,205959,,TBP,TBP,AVN,O
2023-11-06T16:16:37.76Z,2023,0007,3,0002,555.28,180000,205959,,TBP,TBP,AVN,O
2023-11-06T16:16:37.76Z,2023,0007,4,0002,185.09,180000,205959,,TBP,TBP,AVN,O
2023-11-06T16:16:37.76Z,2011,0011,1,0002,,200000,215959,,TBP,TBP,AVN,P
2023-11-06T16:16:37.76Z,2011,0011,2,0002,,200000,215959,,TBP,TBP,AVN,P
2023-11-06T16:16:37.76Z,2011,0011,3,0002,,200000,215959,,TBP,TBP,AVN,P
2023-11-06T16:16:37.76Z,2011,0011,4,0002,,200000,215959,,TBP,TBP,AVN,P
2023-11-06T16:16:37.76Z,2011,0011,1,0002,,220000,235959,,TBFP,TBFP,AVN,P
2023-11-06T16:16:37.76Z,2011,0011,2,0002,,220000,235959,,TBFP,TBFP,AVN,P
2023-11-06T16:16:37.76Z,2011,0011,3,0002,,220000,235959,,TBFP,TBFP,AVN,P
2023-11-06T16:16:37.76Z,2011,0011,4,0002,,220000,235959,,TBFP,TBFP,AVN,P
2023-11-06T16:16:37.76Z,2011,0011,1,0004,,000000,125959,,TBFP,TBFP,AVN,P
2023-11-06T16:16:37.76Z,2011,0011,2,0004,,000000,125959,,TBFP,TBFP,AVN,P
2023-11-06T16:16:37.76Z,2011,0011,3,0004,,000000,125959,,TBFP,TBFP,AVN,P
2023-11-06T16:16:37.76Z,2011,0011,4,0004,,000000,125959,,TBFP,TBFP,AVN,P
2023-11-06T16:16:37.76Z,2011,0011,1,0004,,130000,145959,,TBP,TBP,AVN,P
2023-11-06T16:16:37.76Z,2011,0011,2,0004,,130000,145959,,TBP,TBP,AVN,P
2023-11-06T16:16:37.76Z,2011,0011,3,0004,,130000,145959,,TBP,TBP,AVN,P
2023-11-06T16:16:37.76Z,2011,0011,4,0004,,130000,145959,,TBP,TBP,AVN,P
2023-11-06T16:16:37.76Z,2011,0011,1,0004,,150000,195959,,TBFP,TBFP,AVN,P
2023-11-06T16:16:37.76Z,2011,0011,2,0004,,150000,195959,,TBFP,TBFP,AVN,P
2023-11-06T16:16:37.76Z,2011,0011,3,0004,,150000,195959,,TBFP,TBFP,AVN,P
2023-11-06T16:16:37.76Z,2011,0011,4,0004,,150000,195959,,TBFP,TBFP,AVN,P
2023-11-06T16:16:37.76Z,2011,0011,1,0004,,200000,215959,,TBP,TBP,AVN,P
2023-11-06T16:16:37.76Z,2011,0011,2,0004,,200000,215959,,TBP,TBP,AVN,P
2023-11-06T16:16:37.76Z,2011,0011,3,0004,,200000,215959,,TBP,TBP,AVN,P
2023-11-06T16:16:37.76Z,2011,0011,4,0004,,200000,215959,,TBP,TBP,AVN,P
2023-11-06T16:16:37.76Z,2011,0011,1,0004,,220000,235959,,TBFP,TBFP,AVN,P
2023-11-06T16:16:37.76Z,2011,0011,2,0004,,220000,235959,,TBFP,TBFP,AVN,P
2023-11-06T16:16:37.76Z,2011,0011,3,0004,,220000,235959,,TBFP,TBFP,AVN,P
2023-11-06T16:16:37.76Z,2011,0011,4,0004,,220000,235959,,TBFP,TBFP,AVN,P
2023-11-06T16:16:37.76Z,2011,0011,1,0003,,000000,205959,,TBFP,TBFP,AVN,P
2023-11-06T16:16:37.76Z,2011,0011,2,0003,,000000,205959,,TBFP,TBFP,AVN,P
2023-11-06T16:16:37.76Z,2011,0011,3,0003,,000000,205959,,TBFP,TBFP,AVN,P
2023-11-06T16:16:37.76Z,2011,0011,4,0003,,000000,205959,,TBFP,TBFP,AVN,P
2023-11-06T16:16:37.76Z,2011,0011,1,0003,,210000,225959,,TBP,TBP,AVN,P
2023-11-06T16:16:37.76Z,2011,0011,2,0003,,210000,225959,,TBP,TBP,AVN,P
2023-11-06T16:16:37.76Z,2011,0011,3,0003,,210000,225959,,TBP,TBP,AVN,P
2023-11-06T16:16:37.76Z,2011,0011,4,0003,,210000,225959,,TBP,TBP,AVN,P
2023-11-06T16:16:37.76Z,2011,0011,1,0003,,230000,235959,,TBFP,TBFP,AVN,P
2023-11-06T16:16:37.76Z,2011,0011,2,0003,,230000,235959,,TBFP,TBFP,AVN,P
2023-11-06T16:16:37.76Z,2011,0011,3,0003,,230000,235959,,TBFP,TBFP,AVN,P
2023-11-06T16:16:37.76Z,2011,0011,4,0003,,230000,235959,,TBFP,TBFP,AVN,P
2023-11-06T16:16:37.76Z,2011,0008,1,0001,,000000,072959,,TBFP,TBFP,AVN,P
2023-11-06T16:16:37.76Z,2011,0008,2,0001,,000000,072959,,TBFP,TBFP,AVN,P
2023-11-06T16:16:37.76Z,2011,0008,3,0001,,000000,072959,,TBFP,TBFP,AVN,P
2023-11-06T16:16:37.76Z,2011,0008,4,0001,,000000,072959,,TBFP,TBFP,AVN,P
2023-11-06T16:16:37.76Z,2011,0008,1,0001,,073000,092959,,TBP,TBP,AVN,P
2023-11-06T16:16:37.76Z,2011,0008,2,0001,,073000,092959,,TBP,TBP,AVN,P
2023-11-06T16:16:37.76Z,2011,0008,3,0001,,073000,092959,,TBP,TBP,AVN,P
2023-11-06T16:16:37.76Z,2011,0008,4,0001,,073000,092959,,TBP,TBP,AVN,P
2023-11-06T16:16:37.76Z,2011,0008,1,0001,,093000,235959,,TBFP,TBFP,AVN,P
2023-11-06T16:16:37.76Z,2011,0008,2,0001,,093000,235959,,TBFP,TBFP,AVN,P
2023-11-06T16:16:37.76Z,2011,0008,3,0001,,093000,235959,,TBFP,TBFP,AVN,P
2023-11-06T16:16:37.76Z,2011,0002,4,0003,,000000,235959,,TBFP,TBFP,AVN,P
2023-11-06T16:16:37.76Z,2011,0002,1,0004,,000000,235959,,TBFP,TBFP,AVN,P
2023-11-06T16:16:37.76Z,2011,0002,2,0004,,000000,235959,,TBFP,TBFP,AVN,P
2023-11-06T16:16:37.76Z,2011,0002,3,0004,,000000,235959,,TBFP,TBFP,AVN,P
2023-11-06T16:16:37.76Z,2011,0002,4,0004,,000000,235959,,TBFP,TBFP,AVN,P
2023-11-06T16:16:37.76Z,2011,0001,1,0001,,000000,075959,,TBFP,TBFP,AVN,O
2023-11-06T16:16:37.76Z,2011,0001,2,0001,,000000,075959,,TBFP,TBFP,AVN,O
2023-11-06T16:16:37.76Z,2011,0001,3,0001,,000000,075959,,TBFP,TBFP,AVN,O
2023-11-06T16:16:37.76Z,2011,0001,4,0001,,000000,075959,,TBFP,TBFP,AVN,O
2023-11-06T16:16:37.76Z,2011,0001,1,0001,,080000,082959,,TBFP,TBP,AVN,O
2023-11-06T16:16:37.76Z,2011,0001,2,0001,,080000,082959,,TBFP,TBP,AVN,O
2023-11-06T16:16:37.76Z,2011,0001,3,0001,,080000,082959,,TBFP,TBP,AVN,O
2023-11-06T16:16:37.76Z,2011,0001,4,0001,,080000,082959,,TBFP,TBP,AVN,O
2023-11-06T16:16:37.76Z,2011,0001,1,0001,,083000,235959,,TBFP,TBFP,AVN,O
2023-11-06T16:16:37.76Z,2011,0001,2,0001,,083000,235959,,TBFP,TBFP,AVN,O
2023-11-06T16:16:37.76Z,2011,0001,3,0001,,083000,235959,,TBFP,TBFP,AVN,O
2023-11-06T16:16:37.76Z,2011,0001,4,0001,,083000,235959,,TBFP,TBFP,AVN,O
2023-11-06T16:16:37.76Z,2011,0001,1,0002,,000000,235959,,TBFP,TBFP,AVN,O
2023-11-06T16:16:37.76Z,2011,0001,2,0002,,000000,235959,,TBFP,TBFP,AVN,O
2023-11-06T16:16:37.76Z,2011,0001,3,0002,,000000,235959,,TBFP,TBFP,AVN,O
2023-11-06T16:16:37.76Z,2011,0001,4,0002,,000000,235959,,TBFP,TBFP,AVN,O
2023-11-06T16:16:37.76Z,2011,0001,1,0003,,000000,235959,,TBFP,TBFP,AVN,O
2023-11-06T16:16:37.76Z,2011,0001,2,0003,,000000,235959,,TBFP,TBFP,AVN,O
2023-11-06T16:16:37.76Z,2011,0001,3,0003,,000000,235959,,TBFP,TBFP,AVN,O
2023-11-06T16:16:37.76Z,2011,0001,4,0003,,000000,235959,,TBFP,TBFP,AVN,O
2023-11-06T16:16:37.76Z,2011,0001,1,0004,,000000,235959,,TBFP,TBFP,AVN,O
2023-11-06T16:16:37.76Z,2011,0001,2,0004,,000000,235959,,TBFP,TBFP,AVN,O
2023-11-06T16:16:37.76Z,2011,0001,3,0004,,000000,235959,,TBFP,TBFP,AVN,O
2023-11-06T16:16:37.76Z,2011,0001,4,0004,,000000,235959,,TBFP,TBFP,AVN,O
2023-11-06T16:16:37.76Z,2011,0003,1,0001,,000000,072959,,TBFP,TBFP,AVN,O
2023-11-06T16:16:37.76Z,2011,0003,2,0001,,000000,072959,,TBFP,TBFP,AVN,O
2023-11-06T16:16:37.76Z,2011,0003,3,0001,,000000,072959,,TBFP,TBFP,AVN,O
2023-11-06T16:16:37.76Z,2011,0003,4,0001,,000000,072959,,TBFP,TBFP,AVN,O
2023-11-06T16:16:37.76Z,2011,0003,1,0001,,073000,092959,,TBP,TBP,AVN,O
2023-11-06T16:16:37.76Z,2011,0003,2,0001,,073000,092959,,TBP,TBP,AVN,O
2023-11-06T16:16:37.76Z,2011,0003,3,0001,,073000,092959,,TBP,TBP,AVN,O
2023-11-06T16:16:37.76Z,2011,0003,4,0001,,073000,092959,,TBP,TBP,AVN,O
2023-11-06T16:16:37.76Z,2011,0003,1,0001,,093000,235959,,TBFP,TBFP,AVN,O
2023-11-06T16:16:37.76Z,2011,0003,2,0001,,093000,235959,,TBFP,TBFP,AVN,O
2023-11-06T16:16:37.76Z,2011,0003,3,0001,,093000,235959,,TBFP,TBFP,AVN,O
2023-11-06T16:16:37.76Z,2011,0003,4,0001,,093000,235959,,TBFP,TBFP,AVN,O
2023-11-06T16:16:37.76Z,2011,0003,1,0002,,000000,175959,,TBFP,TBFP,AVN,O
2023-11-06T16:16:37.76Z,2011,0003,2,0002,,000000,175959,,TBFP,TBFP,AVN,O
2023-11-06T16:16:37.76Z,2011,0003,3,0002,,000000,175959,,TBFP,TBFP,AVN,O
2023-11-06T16:16:37.76Z,2011,0003,4,0002,,000000,175959,,TBFP,TBFP,AVN,O
2023-11-06T16:16:37.76Z,2011,0003,1,0002,,180000,205959,,TBP,TBP,AVN,O
2023-11-06T16:16:37.76Z,2011,0003,2,0002,,180000,205959,,TBP,TBP,AVN,O
2023-11-06T16:16:37.76Z,2011,0003,3,0002,,180000,205959,,TBP,TBP,AVN,O
2023-11-06T16:16:37.76Z,2011,0003,4,0002,,180000,205959,,TBP,TBP,AVN,O
2023-11-06T16:16:37.76Z,2011,0003,1,0002,,210000,235959,,TBFP,TBFP,AVN,O
2023-11-06T16:16:37.76Z,2011,0003,2,0002,,210000,235959,,TBFP,TBFP,AVN,O
2023-11-06T16:16:37.76Z,2011,0003,3,0002,,210000,235959,,TBFP,TBFP,AVN,O
2023-11-06T16:16:37.76Z,2011,0003,4,0002,,210000,235959,,TBFP,TBFP,AVN,O
2023-11-06T16:16:37.76Z,2011,0003,1,0004,,000000,175959,,TBFP,TBFP,AVN,O
2023-11-06T16:16:37.76Z,2011,0003,2,0004,,000000,175959,,TBFP,TBFP,AVN,O
2023-11-06T16:16:37.76Z,2011,0003,3,0004,,000000,175959,,TBFP,TBFP,AVN,O
2023-11-06T16:16:37.76Z,2011,0003,4,0004,,000000,175959,,TBFP,TBFP,AVN,O
2023-11-06T16:16:37.76Z,2011,0003,1,0004,,180000,205959,,TBP,TBP,AVN,O
2023-11-06T16:16:37.76Z,2011,0003,2,0004,,180000,205959,,TBP,TBP,AVN,O
2023-11-06T16:16:37.76Z,2011,0003,3,0004,,180000,205959,,TBP,TBP,AVN,O
2023-11-06T16:16:37.76Z,2011,0003,4,0004,,180000,205959,,TBP,TBP,AVN,O
2023-11-06T16:16:37.76Z,2011,0003,1,0004,,210000,235959,,TBFP,TBFP,AVN,O
2023-11-06T16:16:37.76Z,2011,0003,2,0004,,210000,235959,,TBFP,TBFP,AVN,O
2023-11-06T16:16:37.76Z,2011,0003,3,0004,,210000,235959,,TBFP,TBFP,AVN,O
2023-11-06T16:16:37.76Z,2011,0003,4,0004,,210000,235959,,TBFP,TBFP,AVN,O
2023-11-06T16:16:37.76Z,2011,0003,1,0003,,000000,185959,,TBFP,TBFP,AVN,O
2023-11-06T16:16:37.76Z,2011,0003,2,0003,,000000,185959,,TBFP,TBFP,AVN,O
2023-11-06T16:16:37.76Z,2012,0009,3,0002,,130000,145959,,TBP,TBP,AVN,O
2023-11-06T16:16:37.76Z,2012,0009,4,0002,,130000,145959,,TBP,TBP,AVN,O
2023-11-06T16:16:37.76Z,2012,0009,1,0002,,150000,175959,,TBFP,TBFP,AVN,O
2023-11-06T16:16:37.76Z,2012,0009,2,0002,,150000,175959,,TBFP,TBFP,AVN,O
2023-11-06T16:16:37.76Z,2012,0009,3,0002,,150000,175959,,TBFP,TBFP,AVN,O
2023-11-06T16:16:37.76Z,2012,0009,4,0002,,150000,175959,,TBFP,TBFP,AVN,O
2023-11-06T16:16:37.76Z,2012,0009,1,0002,,180000,205959,,TBP,TBP,AVN,O
2023-11-06T16:16:37.76Z,2012,0009,2,0002,,180000,205959,,TBP,TBP,AVN,O
2023-11-06T16:16:37.76Z,2012,0009,3,0002,,180000,205959,,TBP,TBP,AVN,O
2023-11-06T16:16:37.76Z,2012,0009,4,0002,,180000,205959,,TBP,TBP,AVN,O
2023-11-06T16:16:37.76Z,2012,0009,1,0002,,210000,235959,,TBFP,TBFP,AVN,O
2023-11-06T16:16:37.76Z,2012,0009,2,0002,,210000,235959,,TBFP,TBFP,AVN,O
2023-11-06T16:16:37.76Z,2012,0009,3,0002,,210000,235959,,TBFP,TBFP,AVN,O
2023-11-06T16:16:37.76Z,2012,0009,4,0002,,210000,235959,,TBFP,TBFP,AVN,O
2023-11-06T16:16:37.76Z,2012,0009,1,0004,,000000,125959,,TBFP,TBFP,AVN,O
2023-11-06T16:16:37.76Z,2012,0009,2,0004,,000000,125959,,TBFP,TBFP,AVN,O
2023-11-06T16:16:37.76Z,2012,0009,3,0004,,000000,125959,,TBFP,TBFP,AVN,O
2023-11-06T16:16:37.76Z,2012,0009,4,0004,,000000,125959,,TBFP,TBFP,AVN,O
2023-11-06T16:16:37.76Z,2012,0009,1,0004,,130000,145959,,TBP,TBP,AVN,O
2023-11-06T16:16:37.76Z,2012,0009,2,0004,,130000,145959,,TBP,TBP,AVN,O
2023-11-06T16:16:37.76Z,2012,0009,3,0004,,130000,145959,,TBP,TBP,AVN,O
2023-11-06T16:16:37.76Z,2012,0009,4,0004,,130000,145959,,TBP,TBP,AVN,O
2023-11-06T16:16:37.76Z,2012,0009,1,0004,,150000,175959,,TBFP,TBFP,AVN,O
2023-11-06T16:16:37.76Z,2012,0009,2,0004,,150000,175959,,TBFP,TBFP,AVN,O
2023-11-06T16:16:37.76Z,2012,0009,3,0004,,150000,175959,,TBFP,TBFP,AVN,O
2023-11-06T16:16:37.76Z,2012,0009,4,0004,,150000,175959,,TBFP,TBFP,AVN,O
2023-11-06T16:16:37.76Z,2012,0009,1,0004,,180000,205959,,TBP,TBP,AVN,O
2023-11-06T16:16:37.76Z,2012,0009,2,0004,,180000,205959,,TBP,TBP,AVN,O
2023-11-06T16:16:37.76Z,2012,0009,3,0004,,180000,205959,,TBP,TBP,AVN,O
2023-11-06T16:16:37.76Z,2012,0009,4,0004,,180000,205959,,TBP,TBP,AVN,O
2023-11-06T16:16:37.76Z,2012,0009,1,0004,,210000,235959,,TBFP,TBFP,AVN,O
2023-11-06T16:16:37.76Z,2012,0009,2,0004,,210000,235959,,TBFP,TBFP,AVN,O
2023-11-06T16:16:37.76Z,2012,0009,3,0004,,210000,235959,,TBFP,TBFP,AVN,O
2023-11-06T16:16:37.76Z,2012,0009,4,0004,,210000,235959,,TBFP,TBFP,AVN,O
2023-11-06T16:16:37.76Z,2012,0009,1,0003,,000000,185959,,TBFP,TBFP,AVN,O
2023-11-06T16:16:37.76Z,2012,0009,2,0003,,000000,185959,,TBFP,TBFP,AVN,O
2023-11-06T16:16:37.76Z,2012,0009,3,0003,,000000,185959,,TBFP,TBFP,AVN,O
2023-11-06T16:16:37.76Z,2012,0009,4,0003,,000000,185959,,TBFP,TBFP,AVN,O
2023-11-06T16:16:37.76Z,2012,0009,1,0003,,190000,215959,,TBP,TBP,AVN,O
2023-11-06T16:16:37.76Z,2012,0009,2,0003,,190000,215959,,TBP,TBP,AVN,O
2023-11-06T16:16:37.76Z,2012,0009,3,0003,,190000,215959,,TBP,TBP,AVN,O
2023-11-06T16:16:37.76Z,2012,0009,4,0003,,190000,215959,,TBP,TBP,AVN,O
2023-11-06T16:16:37.76Z,2012,0009,1,0003,,220000,235959,,TBFP,TBFP,AVN,O
2023-11-06T16:16:37.76Z,2012,0009,2,0003,,220000,235959,,TBFP,TBFP,AVN,O
2023-11-06T16:16:37.76Z,2012,0009,3,0003,,220000,235959,,TBFP,TBFP,AVN,O
2023-11-06T16:16:37.76Z,2012,0009,4,0003,,220000,235959,,TBFP,TBFP,AVN,O
2023-11-06T16:16:37.76Z,2012,0010,1,0001,,000000,072959,,TBFP,TBFP,AVN,O
2023-11-06T16:16:37.76Z,2012,0010,2,0001,,000000,072959,,TBFP,TBFP,AVN,O
