FechaExtraccion,CuentaContrato,Categoria
2023-03-17T12:36:57.182Z,001103112740,1
2023-03-17T12:36:57.182Z,001102461522,1
2023-03-17T12:36:57.182Z,001102267131,1
2023-03-17T12:36:57.182Z,001103102877,1
2023-03-17T12:36:57.182Z,001101701461,1
2023-03-17T12:36:57.182Z,001100267432,1
2023-03-17T12:36:57.182Z,001101038533,1
2023-03-17T12:36:57.182Z,001101855040,1
2023-03-17T12:36:57.182Z,001100267935,1
2023-03-17T12:36:57.182Z,001101801814,1
2023-03-17T12:36:57.182Z,001100677378,1
2023-03-17T12:36:57.182Z,001100492309,1
2023-03-17T12:36:57.182Z,001102897777,1
2023-03-17T12:36:57.182Z,001101146866,1
2023-03-17T12:36:57.182Z,001100775086,1
2023-03-17T12:36:57.182Z,001100644785,1
2023-03-17T12:36:57.182Z,001100281260,2
2023-03-17T12:36:57.182Z,001100879897,1
2023-03-17T12:36:57.182Z,001102265527,1
2023-03-17T12:36:57.182Z,001100434457,1
2023-03-17T12:36:57.182Z,001100152171,1
2023-03-17T12:36:57.182Z,001100138440,2
2023-03-17T12:36:57.182Z,001102152879,1
2023-03-17T12:36:57.182Z,001000166969,1
2023-03-17T12:36:57.182Z,001102652050,1
2023-03-17T12:36:57.182Z,001103134317,1
2023-03-17T12:36:57.182Z,001102035224,1
2023-03-17T12:36:57.182Z,001100182270,1
2023-03-17T12:36:57.182Z,001103023216,1
2023-03-17T12:36:57.182Z,991100024990,1
2023-03-17T12:36:57.182Z,001101309030,2
2023-03-17T12:36:57.182Z,001102056872,1
2023-03-17T12:36:57.182Z,001101565306,1
2023-03-17T12:36:57.182Z,001102036841,1
2023-03-17T12:36:57.182Z,001100060841,1
2023-03-17T12:36:57.182Z,001101316560,1
2023-03-17T12:36:57.182Z,001100056543,1
2023-03-17T12:36:57.182Z,001102682157,1
2023-03-17T12:36:57.182Z,001103007283,1
2023-03-17T12:36:57.182Z,001102800206,1
2023-03-17T12:36:57.182Z,001100652557,1
2023-03-17T12:36:57.182Z,001101421949,1
2023-03-17T12:36:57.182Z,001101790711,1
2023-03-17T12:36:57.182Z,001100188043,1
2023-03-17T12:36:57.182Z,001100800306,1
2023-03-17T12:36:57.182Z,001100803561,1
2023-03-17T12:36:57.182Z,001000174813,1
2023-03-17T12:36:57.182Z,001100891015,1
2023-03-17T12:36:57.182Z,001100047839,1
2023-03-17T12:36:57.182Z,001000249280,1
2023-03-17T12:36:57.182Z,001100327218,1
2023-03-17T12:36:57.182Z,001100917432,1
2023-03-17T12:36:57.182Z,001103330613,1
2023-03-17T12:36:57.182Z,001100205031,1
2023-03-17T12:36:57.182Z,001103152557,1
2023-03-17T12:36:57.182Z,001101645947,1
2023-03-17T12:36:57.182Z,991100023531,1
2023-03-17T12:36:57.182Z,001103098114,1
2023-03-17T12:36:57.182Z,001103208752,1
2023-03-17T12:36:57.182Z,001102327911,1
2023-03-17T12:36:57.182Z,001100451153,1
2023-03-17T12:36:57.182Z,001102378630,1
2023-03-17T12:36:57.182Z,001000103082,1
2023-03-17T12:36:57.182Z,001102431654,1
2023-03-17T12:36:57.182Z,001000039405,1
2023-03-17T12:36:57.182Z,001102967931,1
2023-03-17T12:36:57.182Z,001101805259,1
2023-03-17T12:36:57.182Z,001101398542,1
2023-03-17T12:36:57.182Z,001102054953,1
2023-03-17T12:36:57.182Z,001100667067,1
2023-03-17T12:36:57.182Z,001100534605,1
2023-03-17T12:36:57.182Z,001100840934,1
2023-03-17T12:36:57.182Z,001101162549,1
2023-03-17T12:36:57.182Z,001101112249,1
2023-03-17T12:36:57.182Z,001102955522,1
2023-03-17T12:36:57.182Z,001101248440,1
2023-03-17T12:36:57.182Z,001101248943,1
2023-03-17T12:36:57.182Z,001102816522,1
2023-03-17T12:36:57.182Z,001102205901,1
2023-03-17T12:36:57.182Z,001000234382,1
2023-03-17T12:36:57.182Z,001101862600,1
2023-03-17T12:36:57.182Z,001102521774,1
2023-03-17T12:36:57.182Z,001101876405,1
2023-03-17T12:36:57.182Z,001102778852,1
2023-03-17T12:36:57.182Z,001100784835,1
2023-03-17T12:36:57.182Z,001101215019,1
2023-03-17T12:36:57.182Z,001101438247,1
2023-03-17T12:36:57.182Z,001102424671,1
2023-03-17T12:36:57.182Z,001101717360,1
2023-03-17T12:36:57.182Z,001101774676,1
2023-03-17T12:36:57.182Z,001102467032,1
2023-03-17T12:36:57.182Z,001102955826,1
2023-03-17T12:36:57.182Z,001103095661,1
2023-03-17T12:36:57.182Z,001100617763,1
2023-03-17T12:36:57.182Z,001101294036,1
2023-03-17T12:36:57.182Z,001102695763,1
2023-03-17T12:36:57.182Z,001101783812,1
2023-03-17T12:36:57.182Z,001101809424,1
2023-03-17T12:36:57.182Z,001102404170,1
2023-03-17T12:36:57.182Z,001102862085,1
2023-03-17T12:36:57.182Z,001101564698,1
2023-03-17T12:36:57.182Z,001101733010,1
2023-03-17T12:36:57.182Z,001102267202,1
2023-03-17T12:36:57.182Z,001102734432,1
2023-03-17T12:36:57.182Z,001100409695,1
2023-03-17T12:36:57.182Z,001101914041,1
2023-03-17T12:36:57.182Z,001101964541,1
2023-03-17T12:36:57.182Z,001000003271,1
2023-03-17T12:36:57.182Z,001101818690,1
2023-03-17T12:36:57.182Z,001100309115,1
2023-03-17T12:36:57.182Z,001102361859,1
2023-03-17T12:36:57.182Z,001101074464,1
2023-03-17T12:36:57.182Z,001101557820,1
2023-03-17T12:36:57.182Z,001101830822,1
2023-03-17T12:36:57.182Z,001102180833,0
2023-03-17T12:36:57.182Z,001101787402,1
2023-03-17T12:36:57.182Z,001101938687,1
2023-03-17T12:36:57.182Z,001102464967,1
2023-03-17T12:36:57.182Z,001102180537,1
2023-03-17T12:36:57.182Z,001101942818,1
2023-03-17T12:36:57.182Z,001102414667,1
2023-03-17T12:36:57.182Z,001101064346,1
2023-03-17T12:36:57.182Z,001101986771,1
2023-03-17T12:36:57.182Z,001100972202,1
2023-03-17T12:36:57.182Z,001102309510,1
2023-03-17T12:36:57.182Z,001101643435,1
2023-03-17T12:36:57.182Z,001100300888,1
2023-03-17T12:36:57.182Z,001101384244,1
2023-03-17T12:36:57.182Z,001100361650,2
2023-03-17T12:36:57.182Z,001103225703,1
2023-03-17T12:36:57.182Z,001101166138,1
2023-03-17T12:36:57.182Z,001100421399,1
2023-03-17T12:36:57.182Z,001100865881,1
2023-03-17T12:36:57.182Z,001101942642,1
2023-03-17T12:36:57.182Z,001100852201,3
2023-03-17T12:36:57.182Z,001000117885,1
2023-03-17T12:36:57.182Z,001100174081,1
2023-03-17T12:36:57.182Z,001100674760,1
2023-03-17T12:36:57.182Z,001102882501,1
2023-03-17T12:36:57.182Z,001103231343,1
2023-03-17T12:36:57.182Z,001101235500,1
2023-03-17T12:36:57.182Z,001101613908,2
2023-03-17T12:36:57.182Z,001102173031,1
2023-03-17T12:36:57.182Z,001102531684,1
2023-03-17T12:36:57.182Z,001101970469,1
2023-03-17T12:36:57.182Z,001100194985,1
2023-03-17T12:36:57.182Z,001100551183,1
2023-03-17T12:36:57.182Z,001000117587,1
2023-03-17T12:36:57.182Z,001101521495,1
2023-03-17T12:36:57.182Z,001101801186,1
2023-03-17T12:36:57.182Z,001102144581,1
2023-03-17T12:36:57.182Z,001000004827,1
2023-03-17T12:36:57.182Z,001100531983,1
2023-03-17T12:36:57.182Z,001103173253,1
2023-03-17T12:36:57.182Z,001102581483,1
2023-03-17T12:36:57.182Z,001100082535,1
2023-03-17T12:36:57.182Z,001100832809,1
2023-03-17T12:36:57.182Z,001100223899,1
2023-03-17T12:36:57.182Z,001101695988,1
2023-03-17T12:36:57.182Z,001000120613,1
2023-03-17T12:36:57.182Z,001102223090,1
2023-03-17T12:36:57.182Z,001102852701,1
2023-03-17T12:36:57.182Z,001102419446,1
2023-03-17T12:36:57.182Z,001100836476,1
2023-03-17T12:36:57.182Z,001100435936,1
2023-03-17T12:36:57.182Z,001100476862,1
2023-03-17T12:36:57.182Z,001000143352,1
2023-03-17T12:36:57.182Z,001100391793,1
2023-03-17T12:36:57.182Z,001101024027,1
2023-03-17T12:36:57.182Z,001102336207,1
2023-03-17T12:36:57.182Z,001102013741,1
2023-03-17T12:36:57.182Z,001102117841,1
2023-03-17T12:36:57.182Z,001100496269,1
2023-03-17T12:36:57.182Z,001102875537,1
2023-03-17T12:36:57.182Z,001100757848,1
2023-03-17T12:36:57.182Z,001100014160,1
2023-03-17T12:36:57.182Z,001101678636,1
2023-03-17T12:36:57.182Z,001102725467,1
2023-03-17T12:36:57.182Z,001102255369,1
2023-03-17T12:36:57.182Z,001102224951,1
2023-03-17T12:36:57.182Z,001102804028,1
2023-03-17T12:36:57.182Z,001101972904,1
2023-03-17T12:36:57.182Z,001000353725,1
2023-03-17T12:36:57.182Z,001103179869,1
2023-03-17T12:36:57.182Z,001102386305,1
2023-03-17T12:36:57.182Z,001100063844,1
2023-03-17T12:36:57.182Z,001101640750,1
2023-03-17T12:36:57.182Z,001101575493,1
2023-03-17T12:36:57.182Z,001100373493,1
2023-03-17T12:36:57.182Z,001102774622,1
2023-03-17T12:36:57.182Z,001100203228,1
2023-03-17T12:36:57.182Z,001101558012,1
2023-03-17T12:36:57.182Z,001102353615,1
2023-03-17T12:36:57.182Z,001102105677,1
2023-03-17T12:36:57.182Z,001100963541,1
2023-03-17T12:36:57.182Z,001100759891,1
2023-03-17T12:36:57.182Z,001100739197,1
2023-03-17T12:36:57.182Z,001100370330,1
2023-03-17T12:36:57.182Z,001101458922,1
2023-03-17T12:36:57.182Z,001103265462,1
2023-03-17T12:36:57.182Z,001103287026,1
2023-03-17T12:36:57.182Z,001102593202,1
2023-03-17T12:36:57.182Z,001100352470,1
2023-03-17T12:36:57.182Z,001102401188,1
2023-03-17T12:36:57.182Z,001102350619,1
2023-03-17T12:36:57.182Z,001102871383,1
2023-03-17T12:36:57.182Z,001102550952,1
2023-03-17T12:36:57.182Z,001102671845,1
2023-03-17T12:36:57.182Z,001101717077,1
2023-03-17T12:36:57.182Z,001102352177,1
2023-03-17T12:36:57.182Z,001101203777,1
2023-03-17T12:36:57.182Z,001100913249,1
2023-03-17T12:36:57.182Z,001102350567,1
2023-03-17T12:36:57.182Z,001101261070,1
2023-03-17T12:36:57.182Z,001102380967,1
2023-03-17T12:36:57.182Z,001101223975,1
2023-03-17T12:36:57.182Z,001000071200,1
2023-03-17T12:36:57.182Z,001100691840,1
2023-03-17T12:36:57.182Z,001102104523,1
2023-03-17T12:36:57.182Z,001102543904,1
2023-03-17T12:36:57.182Z,001101767577,1
2023-03-17T12:36:57.182Z,001101090462,1
2023-03-17T12:36:57.182Z,001102236558,1
2023-03-17T12:36:57.182Z,001100534659,1
2023-03-17T12:36:57.182Z,001102449881,1
2023-03-17T12:36:57.182Z,001101040665,1
2023-03-17T12:36:57.182Z,001102295171,1
2023-03-17T12:36:57.182Z,001102075270,1
2023-03-17T12:36:57.182Z,001000135540,1
2023-03-17T12:36:57.182Z,991100040230,1
2023-03-17T12:36:57.182Z,001102245874,1
2023-03-17T12:36:57.182Z,001102258543,1
2023-03-17T12:36:57.182Z,001000060807,1
2023-03-17T12:36:57.182Z,001102534852,1
2023-03-17T12:36:57.182Z,001100808102,1
2023-03-17T12:36:57.182Z,001101253803,1
2023-03-17T12:36:57.182Z,001100262001,1
2023-03-17T12:36:57.182Z,001102350904,1
2023-03-17T12:36:57.182Z,001100685032,1
2023-03-17T12:36:57.182Z,001102808808,1
2023-03-17T12:36:57.182Z,001102761027,1
2023-03-17T12:36:57.182Z,001102837316,1
2023-03-17T12:36:57.182Z,001102534556,1
2023-03-17T12:36:57.182Z,001101779524,1
2023-03-17T12:36:57.182Z,001102286150,1
2023-03-17T12:36:57.182Z,001102288943,1
2023-03-17T12:36:57.182Z,001103237130,1
2023-03-17T12:36:57.182Z,001101694832,1
2023-03-17T12:36:57.182Z,001101005102,1
2023-03-17T12:36:57.182Z,001103184668,1
2023-03-17T12:36:57.182Z,001100626072,1
2023-03-17T12:36:57.182Z,001100361445,1
2023-03-17T12:36:57.182Z,001103303104,1
2023-03-17T12:36:57.182Z,001103134767,1
2023-03-17T12:36:57.182Z,001101133590,1
2023-03-17T12:36:57.182Z,001101387041,1
2023-03-17T12:36:57.182Z,001101297839,1
2023-03-17T12:36:57.182Z,001101319677,1
2023-03-17T12:36:57.182Z,001103082683,1
2023-03-17T12:36:57.182Z,001000109903,1
2023-03-17T12:36:57.182Z,001103032789,1
2023-03-17T12:36:57.182Z,001100606279,1
2023-03-17T12:36:57.182Z,001101643842,1
2023-03-17T12:36:57.182Z,001101461620,1
2023-03-17T12:36:57.182Z,001101493147,1
2023-03-17T12:36:57.182Z,001101746518,1
2023-03-17T12:36:57.182Z,001102638810,1
2023-03-17T12:36:57.182Z,001100492691,1
2023-03-17T12:36:57.182Z,001103336712,1
2023-03-17T12:36:57.182Z,001101253694,1
2023-03-17T12:36:57.182Z,001100078994,1
2023-03-17T12:36:57.182Z,991100013418,1
2023-03-17T12:36:57.182Z,001100588898,1
2023-03-17T12:36:57.182Z,001102914652,1
2023-03-17T12:36:57.182Z,001102033835,1
2023-03-17T12:36:57.182Z,001101283090,1
2023-03-17T12:36:57.182Z,001101986949,1
2023-03-17T12:36:57.182Z,001101986746,1
2023-03-17T12:36:57.182Z,001000140063,1
2023-03-17T12:36:57.182Z,001100515017,1
2023-03-17T12:36:57.182Z,001100091397,1
2023-03-17T12:36:57.182Z,001100472790,1
2023-03-17T12:36:57.182Z,001100558495,1
2023-03-17T12:36:57.182Z,001000174969,1
2023-03-17T12:36:57.182Z,001102283311,1
2023-03-17T12:36:57.182Z,001103020719,1
2023-03-17T12:36:57.182Z,001102098892,1
2023-03-17T12:36:57.182Z,001100323128,1
2023-03-17T12:36:57.182Z,001101425685,1
2023-03-17T12:36:57.182Z,001101085687,1
2023-03-17T12:36:57.182Z,001100968654,1
2023-03-17T12:36:57.182Z,001103019310,1
2023-03-17T12:36:57.182Z,001100914954,1
2023-03-17T12:36:57.182Z,001101071031,1
2023-03-17T12:36:57.182Z,001101036880,1
2023-03-17T12:36:57.182Z,001103024370,1
2023-03-17T12:36:57.182Z,001100244195,1
2023-03-17T12:36:57.182Z,001103352646,1
2023-03-17T12:36:57.182Z,001101069817,1
2023-03-17T12:36:57.182Z,001100757390,1
2023-03-17T12:36:57.182Z,001103378414,1
2023-03-17T12:36:57.182Z,001100610209,1
2023-03-17T12:36:57.182Z,001102294695,0
2023-03-17T12:36:57.182Z,001103192021,1
2023-03-17T12:36:57.182Z,001102911486,1
2023-03-17T12:36:57.182Z,001102309771,1
2023-03-17T12:36:57.182Z,001102712187,1
2023-03-17T12:36:57.182Z,001102636132,0
2023-03-17T12:36:57.182Z,001102477199,1
2023-03-17T12:36:57.182Z,001101735515,1
2023-03-17T12:36:57.182Z,001103348318,1
2023-03-17T12:36:57.182Z,001101377317,1
2023-03-17T12:36:57.182Z,001101484534,1
2023-03-17T12:36:57.182Z,001100306444,1
2023-03-17T12:36:57.182Z,001100326711,1
2023-03-17T12:36:57.182Z,001100762280,1
2023-03-17T12:36:57.182Z,001101739884,1
2023-03-17T12:36:57.182Z,001100497196,1
2023-03-17T12:36:57.182Z,001100420523,1
2023-03-17T12:36:57.182Z,001103300102,1
2023-03-17T12:36:57.182Z,001102728485,1
2023-03-17T12:36:57.182Z,001000106532,1
2023-03-17T12:36:57.182Z,001101369525,1
2023-03-17T12:36:57.182Z,001102593621,1
2023-03-17T12:36:57.182Z,001102573926,1
2023-03-17T12:36:57.182Z,001103020902,1
2023-03-17T12:36:57.182Z,001101990916,1
2023-03-17T12:36:57.182Z,001100377689,1
2023-03-17T12:36:57.182Z,001100453263,1
2023-03-17T12:36:57.182Z,001103358593,1
2023-03-17T12:36:57.182Z,001103160567,1
2023-03-17T12:36:57.182Z,001100543121,1
2023-03-17T12:36:57.182Z,001102903931,1
2023-03-17T12:36:57.182Z,001101109305,1
2023-03-17T12:36:57.182Z,001102417164,1
2023-03-17T12:36:57.182Z,001102611596,1
2023-03-17T12:36:57.182Z,001101556611,1
2023-03-17T12:36:57.182Z,001102453763,1
2023-03-17T12:36:57.182Z,001102548414,1
2023-03-17T12:36:57.182Z,001101649739,1
2023-03-17T12:36:57.182Z,001101194523,1
2023-03-17T12:36:57.182Z,001101401264,1
2023-03-17T12:36:57.182Z,001102291181,1
2023-03-17T12:36:57.182Z,001102822018,1
2023-03-17T12:36:57.182Z,001100663553,1
2023-03-17T12:36:57.182Z,001100707095,1
2023-03-17T12:36:57.182Z,001102379418,2
2023-03-17T12:36:57.182Z,001101401069,1
2023-03-17T12:36:57.182Z,001100399410,1
2023-03-17T12:36:57.182Z,001102709836,1
2023-03-17T12:36:57.182Z,001100191118,2
2023-03-17T12:36:57.182Z,001102298090,1
2023-03-17T12:36:57.182Z,001100748740,1
2023-03-17T12:36:57.182Z,001102876900,1
2023-03-17T12:36:57.182Z,001000189481,1
2023-03-17T12:36:57.182Z,001101831381,1
2023-03-17T12:36:57.182Z,001100298595,1
2023-03-17T12:36:57.182Z,001102465729,1
2023-03-17T12:36:57.182Z,001103283952,2
2023-03-17T12:36:57.182Z,001103226500,1
2023-03-17T12:36:57.182Z,001101814743,2
2023-03-17T12:36:57.182Z,001101271516,1
2023-03-17T12:36:57.182Z,001101271810,1
2023-03-17T12:36:57.182Z,001100550798,1
2023-03-17T12:36:57.182Z,001103370570,1
2023-03-17T12:36:57.182Z,001101310417,1
2023-03-17T12:36:57.182Z,001100040212,1
2023-03-17T12:36:57.182Z,001000051842,1
2023-03-17T12:36:57.182Z,001103226305,1
2023-03-17T12:36:57.182Z,001101959829,1
2023-03-17T12:36:57.182Z,001101291017,1
2023-03-17T12:36:57.182Z,001103385487,1
2023-03-17T12:36:57.182Z,001103059895,1
2023-03-17T12:36:57.182Z,001101184231,1
2023-03-17T12:36:57.182Z,001101300330,1
2023-03-17T12:36:57.182Z,001102940951,1
2023-03-17T12:36:57.182Z,001103220093,1
2023-03-17T12:36:57.182Z,001102940459,1
2023-03-17T12:36:57.182Z,001100517462,1
2023-03-17T12:36:57.182Z,001100816477,1
2023-03-17T12:36:57.182Z,001102335589,1
2023-03-17T12:36:57.182Z,001102805934,1
2023-03-17T12:36:57.182Z,001102964043,1
2023-03-17T12:36:57.182Z,001101962007,1
2023-03-17T12:36:57.182Z,001100538588,1
2023-03-17T12:36:57.182Z,001100024619,1
2023-03-17T12:36:57.182Z,001103292085,1
2023-03-17T12:36:57.182Z,001102964248,1
2023-03-17T12:36:57.182Z,001101866855,1
2023-03-17T12:36:57.182Z,001103330615,1
2023-03-17T12:36:57.182Z,001101299540,1
2023-03-17T12:36:57.182Z,001102940031,1
2023-03-17T12:36:57.182Z,001102775763,1
2023-03-17T12:36:57.182Z,991100001938,1
2023-03-17T12:36:57.182Z,001102558480,1
2023-03-17T12:36:57.182Z,001101860484,1
2023-03-17T12:36:57.182Z,001102764720,1
2023-03-17T12:36:57.182Z,001101197097,1
2023-03-17T12:36:57.182Z,001100805030,1
2023-03-17T12:36:57.182Z,001100745166,1
2023-03-17T12:36:57.182Z,001100128764,1
2023-03-17T12:36:57.182Z,001100320417,1
2023-03-17T12:36:57.182Z,001101206298,1
2023-03-17T12:36:57.182Z,001100267549,1
2023-03-17T12:36:57.182Z,001100234985,1
2023-03-17T12:36:57.182Z,001000086791,1
2023-03-17T12:36:57.182Z,001103125021,1
2023-03-17T12:36:57.182Z,001100019358,1
2023-03-17T12:36:57.182Z,001102431588,1
2023-03-17T12:36:57.182Z,001103224708,1
2023-03-17T12:36:57.182Z,001100389563,1
2023-03-17T12:36:57.182Z,001102431884,1
2023-03-17T12:36:57.182Z,001102501948,1
2023-03-17T12:36:57.182Z,001103176915,1
2023-03-17T12:36:57.182Z,001103411268,1
2023-03-17T12:36:57.182Z,001102217742,1
2023-03-17T12:36:57.182Z,001103375361,1
2023-03-17T12:36:57.182Z,001100498615,1
2023-03-17T12:36:57.182Z,001102796978,1
2023-03-17T12:36:57.182Z,001000130458,1
2023-03-17T12:36:57.182Z,001101205896,1
2023-03-17T12:36:57.182Z,001101626654,1
2023-03-17T12:36:57.182Z,001102178394,1
2023-03-17T12:36:57.182Z,001101409191,1
2023-03-17T12:36:57.182Z,001000078228,1
2023-03-17T12:36:57.182Z,001103418696,1
2023-03-17T12:36:57.182Z,001100054547,1
2023-03-17T12:36:57.182Z,001100855560,1
2023-03-17T12:36:57.182Z,001101871841,1
2023-03-17T12:36:57.182Z,001102423527,1
2023-03-17T12:36:57.182Z,991100040350,1
2023-03-17T12:36:57.182Z,001101222072,1
2023-03-17T12:36:57.182Z,001101841440,1
2023-03-17T12:36:57.182Z,001102878242,1
2023-03-17T12:36:57.182Z,001100929450,1
2023-03-17T12:36:57.182Z,001102245838,1
2023-03-17T12:36:57.182Z,001103413546,1
2023-03-17T12:36:57.182Z,001000256091,1
2023-03-17T12:36:57.182Z,001100701031,1
2023-03-17T12:36:57.182Z,001100540049,1
2023-03-17T12:36:57.182Z,001102570349,0
2023-03-17T12:36:57.182Z,001100773042,1
2023-03-17T12:36:57.182Z,001102891376,1
2023-03-17T12:36:57.182Z,001000141074,1
2023-03-17T12:36:57.182Z,001101288465,1
2023-03-17T12:36:57.182Z,001101370866,1
2023-03-17T12:36:57.182Z,001100581254,1
2023-03-17T12:36:57.182Z,001101760698,1
2023-03-17T12:36:57.182Z,001000161511,1
2023-03-17T12:36:57.182Z,001100347869,1
2023-03-17T12:36:57.182Z,001101963927,1
2023-03-17T12:36:57.182Z,001103002016,1
2023-03-17T12:36:57.182Z,001103098442,1
2023-03-17T12:36:57.182Z,001102774256,1
2023-03-17T12:36:57.182Z,001102706387,1
2023-03-17T12:36:57.182Z,001100911152,1
2023-03-17T12:36:57.182Z,001103030156,1
2023-03-17T12:36:57.182Z,001101307941,1
2023-03-17T12:36:57.182Z,001101085778,1
2023-03-17T12:36:57.182Z,001102717122,1
2023-03-17T12:36:57.182Z,001102297712,1
2023-03-17T12:36:57.182Z,001102060468,1
2023-03-17T12:36:57.182Z,001000171672,1
2023-03-17T12:36:57.182Z,001000111611,1
2023-03-17T12:36:57.182Z,001101700622,1
2023-03-17T12:36:57.182Z,001103186241,1
2023-03-17T12:36:57.182Z,001100107411,1
2023-03-17T12:36:57.182Z,001100688580,1
2023-03-17T12:36:57.182Z,001101906747,1
2023-03-17T12:36:57.182Z,001103357322,1
2023-03-17T12:36:57.182Z,001000174152,1
2023-03-17T12:36:57.182Z,001102973172,1
2023-03-17T12:36:57.182Z,001101147944,1
2023-03-17T12:36:57.182Z,001102393907,1
2023-03-17T12:36:57.182Z,001100402390,1
2023-03-17T12:36:57.182Z,001103097108,1
2023-03-17T12:36:57.182Z,001102785703,1
2023-03-17T12:36:57.182Z,001101590082,1
2023-03-17T12:36:57.182Z,001102393700,1
2023-03-17T12:36:57.182Z,001101384911,1
2023-03-17T12:36:57.182Z,001101362446,1
2023-03-17T12:36:57.182Z,001100343404,1
2023-03-17T12:36:57.182Z,001103257693,1
2023-03-17T12:36:57.182Z,001102460485,1
2023-03-17T12:36:57.182Z,001100972250,1
2023-03-17T12:36:57.182Z,001103301813,3
2023-03-17T12:36:57.182Z,001100920841,1
2023-03-17T12:36:57.182Z,001102467333,1
2023-03-17T12:36:57.182Z,001103156645,1
2023-03-17T12:36:57.182Z,001101752111,1
2023-03-17T12:36:57.182Z,001101490539,1
2023-03-17T12:36:57.182Z,001100402894,1
2023-03-17T12:36:57.182Z,001100643981,1
2023-03-17T12:36:57.182Z,001100696551,1
2023-03-17T12:36:57.182Z,001100155188,1
2023-03-17T12:36:57.182Z,001101370906,1
2023-03-17T12:36:57.182Z,001101771727,1
2023-03-17T12:36:57.182Z,001100884165,1
2023-03-17T12:36:57.182Z,001102647237,1
2023-03-17T12:36:57.182Z,001100453461,1
2023-03-17T12:36:57.182Z,001101037206,1
2023-03-17T12:36:57.182Z,001100427992,1
2023-03-17T12:36:57.182Z,001100427797,1
2023-03-17T12:36:57.182Z,001103026499,1
2023-03-17T12:36:57.182Z,001102451016,1
2023-03-17T12:36:57.182Z,001101042562,1
2023-03-17T12:36:57.182Z,001103371173,1
2023-03-17T12:36:57.182Z,001102431511,1
2023-03-17T12:36:57.182Z,001102278167,1
2023-03-17T12:36:57.182Z,001101754958,1
2023-03-17T12:36:57.182Z,001101321741,1
2023-03-17T12:36:57.182Z,001101729988,1
2023-03-17T12:36:57.182Z,001000356015,1
2023-03-17T12:36:57.182Z,001000166672,1
2023-03-17T12:36:57.182Z,001102298567,1
2023-03-17T12:36:57.182Z,001102349476,1
2023-03-17T12:36:57.182Z,001103242977,1
2023-03-17T12:36:57.182Z,001102325821,1
2023-03-17T12:36:57.182Z,001102534831,1
2023-03-17T12:36:57.182Z,001000116472,1
2023-03-17T12:36:57.182Z,001101219099,1
2023-03-17T12:36:57.182Z,001102399271,1
2023-03-17T12:36:57.182Z,001103043620,1
2023-03-17T12:36:57.182Z,001101331000,1
2023-03-17T12:36:57.182Z,001101087806,1
2023-03-17T12:36:57.182Z,001000161991,1
2023-03-17T12:36:57.182Z,001103273736,1
2023-03-17T12:36:57.182Z,001101477146,1
2023-03-17T12:36:57.182Z,001101041510,1
2023-03-17T12:36:57.182Z,001100050877,1
2023-03-17T12:36:57.182Z,001101332886,1
2023-03-17T12:36:57.182Z,001103384273,1
2023-03-17T12:36:57.182Z,001000094341,1
2023-03-17T12:36:57.182Z,001103384075,1
2023-03-17T12:36:57.182Z,001102006125,1
2023-03-17T12:36:57.182Z,001100057540,1
2023-03-17T12:36:57.182Z,001102238010,1
2023-03-17T12:36:57.182Z,001102011756,1
2023-03-17T12:36:57.182Z,001100757385,1
2023-03-17T12:36:57.182Z,001102590088,1
2023-03-17T12:36:57.182Z,001100757880,1
2023-03-17T12:36:57.182Z,001102910998,1
2023-03-17T12:36:57.182Z,001102999600,0
2023-03-17T12:36:57.182Z,001102521739,1
2023-03-17T12:36:57.182Z,001100001500,1
2023-03-17T12:36:57.182Z,001100787788,1
2023-03-17T12:36:57.182Z,001100712633,1
2023-03-17T12:36:57.182Z,001102199913,1
2023-03-17T12:36:57.182Z,001103284751,1
2023-03-17T12:36:57.182Z,001100495990,1
2023-03-17T12:36:57.182Z,001101772508,1
2023-03-17T12:36:57.182Z,001000254160,1
2023-03-17T12:36:57.182Z,001103163565,1
2023-03-17T12:36:57.182Z,001102445595,1
2023-03-17T12:36:57.182Z,001100445199,1
2023-03-17T12:36:57.182Z,001101066830,1
2023-03-17T12:36:57.182Z,001100056548,1
2023-03-17T12:36:57.182Z,001103076324,1
2023-03-17T12:36:57.182Z,001102356983,1
2023-03-17T12:36:57.182Z,001101663562,1
2023-03-17T12:36:57.182Z,001101661457,1
2023-03-17T12:36:57.182Z,001102414024,1
2023-03-17T12:36:57.182Z,001100795613,1
2023-03-17T12:36:57.182Z,001000061951,1
2023-03-17T12:36:57.182Z,001103041657,1
2023-03-17T12:36:57.182Z,001101397324,1
2023-03-17T12:36:57.182Z,001102434732,1
2023-03-17T12:36:57.182Z,001102324676,1
2023-03-17T12:36:57.182Z,001102495699,1
2023-03-17T12:36:57.182Z,001100475095,1
2023-03-17T12:36:57.182Z,001100770748,1
2023-03-17T12:36:57.182Z,001101978765,1
2023-03-17T12:36:57.182Z,001100457671,1
2023-03-17T12:36:57.182Z,001100556588,1
2023-03-17T12:36:57.182Z,001102560670,1
2023-03-17T12:36:57.182Z,001000144293,3
2023-03-17T12:36:57.182Z,001100022979,1
2023-03-17T12:36:57.182Z,001103144393,1
2023-03-17T12:36:57.182Z,001101018450,1
2023-03-17T12:36:57.182Z,001102362293,1
2023-03-17T12:36:57.182Z,001101310696,1
2023-03-17T12:36:57.182Z,001102586188,1
2023-03-17T12:36:57.182Z,001101595954,1
2023-03-17T12:36:57.182Z,001102264811,1
2023-03-17T12:36:57.182Z,001100280075,1
2023-03-17T12:36:57.182Z,001102379881,1
2023-03-17T12:36:57.182Z,001101308064,1
2023-03-17T12:36:57.182Z,001101295525,1
2023-03-17T12:36:57.182Z,001100791308,1
2023-03-17T12:36:57.182Z,001100833052,1
2023-03-17T12:36:57.182Z,001100454382,1
2023-03-17T12:36:57.182Z,001100025767,1
2023-03-17T12:36:57.182Z,001103231110,1
2023-03-17T12:36:57.182Z,001102484682,1
2023-03-17T12:36:57.182Z,001000201667,1
2023-03-17T12:36:57.182Z,001101788731,1
2023-03-17T12:36:57.182Z,001102025161,1
2023-03-17T12:36:57.182Z,001000194995,1
2023-03-17T12:36:57.182Z,001101837396,1
2023-03-17T12:36:57.182Z,001100079308,1
2023-03-17T12:36:57.182Z,001100222061,1
2023-03-17T12:36:57.182Z,001102457377,1
2023-03-17T12:36:57.182Z,001101857092,1
2023-03-17T12:36:57.182Z,001101036340,1
2023-03-17T12:36:57.182Z,001101932262,1
2023-03-17T12:36:57.182Z,001100107681,1
2023-03-17T12:36:57.182Z,001102301426,1
2023-03-17T12:36:57.182Z,001102139631,1
2023-03-17T12:36:57.182Z,001101409397,1
2023-03-17T12:36:57.182Z,001102951562,1
2023-03-17T12:36:57.182Z,001101433107,1
2023-03-17T12:36:57.182Z,001102157654,1
2023-03-17T12:36:57.182Z,001102880381,1
2023-03-17T12:36:57.182Z,001102931668,1
2023-03-17T12:36:57.182Z,001100636802,1
2023-03-17T12:36:57.182Z,001103126307,1
2023-03-17T12:36:57.182Z,001101963815,1
2023-03-17T12:36:57.182Z,001100036431,1
2023-03-17T12:36:57.182Z,001101952760,1
2023-03-17T12:36:57.182Z,001101472140,1
2023-03-17T12:36:57.182Z,001100686609,1
2023-03-17T12:36:57.182Z,001100078732,1
2023-03-17T12:36:57.182Z,001100074589,1
2023-03-17T12:36:57.182Z,001103077219,2
2023-03-17T12:36:57.182Z,001101723926,1
2023-03-17T12:36:57.182Z,001101480561,1
2023-03-17T12:36:57.182Z,001101791493,1
2023-03-17T12:36:57.182Z,001102545570,1
2023-03-17T12:36:57.182Z,001102056532,1
2023-03-17T12:36:57.182Z,001102321920,1
2023-03-17T12:36:57.182Z,001101026366,1
2023-03-17T12:36:57.182Z,001100010553,1
2023-03-17T12:36:57.182Z,001102686300,1
2023-03-17T12:36:57.182Z,001103154824,1
2023-03-17T12:36:57.182Z,001101514487,1
2023-03-17T12:36:57.182Z,001103348879,1
2023-03-17T12:36:57.182Z,001101012878,1
2023-03-17T12:36:57.182Z,001101810295,1
2023-03-17T12:36:57.182Z,001103044886,2
2023-03-17T12:36:57.182Z,001100817290,1
2023-03-17T12:36:57.182Z,001100152988,1
2023-03-17T12:36:57.182Z,001103233007,1
2023-03-17T12:36:57.182Z,001102692074,1
2023-03-17T12:36:57.182Z,001102645586,1
2023-03-17T12:36:57.182Z,001101574546,1
2023-03-17T12:36:57.182Z,001103411034,1
2023-03-17T12:36:57.182Z,001101709970,1
2023-03-17T12:36:57.182Z,001000236873,3
2023-03-17T12:36:57.182Z,001100657493,1
2023-03-17T12:36:57.182Z,001100562858,1
2023-03-17T12:36:57.182Z,001100280228,1
2023-03-17T12:36:57.182Z,001103139220,1
2023-03-17T12:36:57.182Z,001102231344,1
2023-03-17T12:36:57.182Z,001101133121,2
2023-03-17T12:36:57.182Z,001100178224,1
2023-03-17T12:36:57.182Z,001103411239,2
2023-03-17T12:36:57.182Z,001000174226,1
2023-03-17T12:36:57.182Z,001103194842,1
2023-03-17T12:36:57.182Z,001100152486,1
2023-03-17T12:36:57.182Z,001101779655,1
2023-03-17T12:36:57.182Z,001100067809,1
2023-03-17T12:36:57.182Z,001000023962,1
2023-03-17T12:36:57.182Z,001103399608,0
2023-03-17T12:36:57.182Z,001102030398,3
2023-03-17T12:36:57.182Z,001101570548,1
2023-03-17T12:36:57.182Z,001102194876,1
2023-03-17T12:36:57.182Z,001100112377,1
2023-03-17T12:36:57.182Z,001103400350,1
2023-03-17T12:36:57.182Z,001101949884,2
2023-03-17T12:36:57.182Z,001102806299,1
2023-03-17T12:36:57.182Z,001103410111,1
2023-03-17T12:36:57.182Z,001101592499,2
2023-03-17T12:36:57.182Z,001102080193,1
2023-03-17T12:36:57.182Z,001103379301,1
2023-03-17T12:36:57.182Z,001101455402,1
2023-03-17T12:36:57.182Z,001102626132,1
2023-03-17T12:36:57.182Z,001102362055,1
2023-03-17T12:36:57.182Z,001103230222,1
2023-03-17T12:36:57.182Z,001100026770,1
2023-03-17T12:36:57.182Z,001100080490,1
2023-03-17T12:36:57.182Z,001100005420,1
2023-03-17T12:36:57.182Z,001101054156,1
2023-03-17T12:36:57.182Z,001101111990,1
2023-03-17T12:36:57.182Z,001103251900,1
2023-03-17T12:36:57.182Z,001100806399,2
2023-03-17T12:36:57.182Z,001100112876,1
2023-03-17T12:36:57.182Z,001000056461,1
2023-03-17T12:36:57.182Z,001100753791,2
2023-03-17T12:36:57.182Z,001103250824,1
2023-03-17T12:36:57.182Z,001101485309,1
2023-03-17T12:36:57.182Z,001101102111,1
2023-03-17T12:36:57.182Z,001100122443,1
2023-03-17T12:36:57.182Z,001101940650,1
2023-03-17T12:36:57.182Z,001101795598,1
2023-03-17T12:36:57.182Z,001102030892,1
2023-03-17T12:36:57.182Z,001101034950,2
2023-03-17T12:36:57.182Z,001100206843,1
2023-03-17T12:36:57.182Z,001103042630,1
2023-03-17T12:36:57.182Z,001100173529,1
2023-03-17T12:36:57.182Z,001000160377,1
2023-03-17T12:36:57.182Z,001101083427,1
2023-03-17T12:36:57.182Z,001100420072,1
2023-03-17T12:36:57.182Z,001100812291,1
2023-03-17T12:36:57.182Z,001100941796,1
2023-03-17T12:36:57.182Z,001103288058,1
2023-03-17T12:36:57.182Z,001100671450,1
2023-03-17T12:36:57.182Z,001100206789,1
2023-03-17T12:36:57.182Z,001000102703,1
2023-03-17T12:36:57.182Z,001103366432,1
2023-03-17T12:36:57.182Z,001102847645,1
2023-03-17T12:36:57.182Z,001000052822,1
2023-03-17T12:36:57.182Z,001100505863,1
2023-03-17T12:36:57.182Z,001100991098,1
2023-03-17T12:36:57.182Z,001102812995,1
2023-03-17T12:36:57.182Z,001000170825,1
2023-03-17T12:36:57.182Z,001100569149,1
2023-03-17T12:36:57.182Z,001101485632,1
2023-03-17T12:36:57.182Z,001101363470,1
2023-03-17T12:36:57.182Z,001100148610,1
2023-03-17T12:36:57.182Z,001101447912,3
2023-03-17T12:36:57.182Z,001103140096,1
2023-03-17T12:36:57.182Z,001101565429,1
2023-03-17T12:36:57.182Z,001102400773,1
2023-03-17T12:36:57.182Z,001101665441,1
2023-03-17T12:36:57.182Z,001100026807,1
2023-03-17T12:36:57.182Z,001100515087,1
2023-03-17T12:36:57.182Z,001102653109,1
2023-03-17T12:36:57.182Z,001000086952,1
2023-03-17T12:36:57.182Z,001102375799,1
2023-03-17T12:36:57.182Z,001100609443,1
2023-03-17T12:36:57.182Z,001101072131,1
2023-03-17T12:36:57.182Z,001101626522,1
2023-03-17T12:36:57.182Z,001102245804,1
2023-03-17T12:36:57.182Z,001101200034,1
2023-03-17T12:36:57.182Z,001102471534,1
2023-03-17T12:36:57.182Z,001100823512,1
2023-03-17T12:36:57.182Z,001100024154,1
2023-03-17T12:36:57.182Z,001102609643,1
2023-03-17T12:36:57.182Z,001102167171,1
2023-03-17T12:36:57.182Z,001102295101,1
2023-03-17T12:36:57.182Z,001102008283,1
2023-03-17T12:36:57.182Z,001101860553,1
2023-03-17T12:36:57.182Z,001101368429,1
2023-03-17T12:36:57.182Z,001101810053,1
2023-03-17T12:36:57.182Z,001102833439,2
2023-03-17T12:36:57.182Z,001102368319,1
2023-03-17T12:36:57.182Z,001102823019,1
2023-03-17T12:36:57.182Z,001102480599,1
2023-03-17T12:36:57.182Z,001100833236,1
2023-03-17T12:36:57.182Z,001101378171,1
2023-03-17T12:36:57.182Z,001100620884,1
2023-03-17T12:36:57.182Z,001101368921,1
2023-03-17T12:36:57.182Z,001101236246,1
2023-03-17T12:36:57.182Z,001000235510,2
2023-03-17T12:36:57.182Z,001102116046,1
2023-03-17T12:36:57.182Z,001101199352,1
2023-03-17T12:36:57.182Z,001100103184,1
2023-03-17T12:36:57.182Z,001000083275,1
2023-03-17T12:36:57.182Z,001101149257,1
2023-03-17T12:36:57.182Z,001101886170,1
2023-03-17T12:36:57.182Z,001102362610,1
2023-03-17T12:36:57.182Z,001102597218,1
2023-03-17T12:36:57.182Z,001100588716,1
2023-03-17T12:36:57.182Z,001100392401,1
2023-03-17T12:36:57.182Z,001102577519,1
2023-03-17T12:36:57.182Z,001102736396,1
2023-03-17T12:36:57.182Z,001102601910,1
2023-03-17T12:36:57.182Z,001101236683,1
2023-03-17T12:36:57.182Z,001103169179,1
2023-03-17T12:36:57.182Z,001101941536,1
2023-03-17T12:36:57.182Z,001000003011,1
2023-03-17T12:36:57.182Z,001102756298,1
2023-03-17T12:36:57.182Z,001101254252,1
2023-03-17T12:36:57.182Z,001100389618,1
2023-03-17T12:36:57.182Z,001100914863,1
2023-03-17T12:36:57.182Z,001101334629,1
2023-03-17T12:36:57.182Z,001101967091,1
2023-03-17T12:36:57.182Z,001103407437,1
2023-03-17T12:36:57.182Z,001100053391,1
2023-03-17T12:36:57.182Z,001100248653,1
2023-03-17T12:36:57.182Z,001103013466,1
2023-03-17T12:36:57.182Z,001101187327,1
2023-03-17T12:36:57.182Z,001101873629,1
2023-03-17T12:36:57.182Z,001102768365,1
2023-03-17T12:36:57.182Z,001103364441,1
2023-03-17T12:36:57.182Z,001103345985,0
2023-03-17T12:36:57.182Z,001100032223,1
2023-03-17T12:36:57.182Z,001103395073,3
2023-03-17T12:36:57.182Z,001100855488,1
2023-03-17T12:36:57.182Z,991100022651,1
2023-03-17T12:36:57.182Z,001102855689,1
2023-03-17T12:36:57.182Z,001101626117,1
2023-03-17T12:36:57.182Z,001100569921,1
2023-03-17T12:36:57.182Z,001102158194,1
2023-03-17T12:36:57.182Z,001102595443,1
2023-03-17T12:36:57.182Z,001100227268,1
2023-03-17T12:36:57.182Z,001100082824,1
2023-03-17T12:36:57.182Z,001101995183,1
2023-03-17T12:36:57.182Z,001102083691,1
2023-03-17T12:36:57.182Z,001100774556,1
2023-03-17T12:36:57.182Z,001100304017,1
2023-03-17T12:36:57.182Z,001100595043,1
2023-03-17T12:36:57.182Z,001102210093,1
2023-03-17T12:36:57.182Z,001103043706,1
2023-03-17T12:36:57.182Z,001100417872,1
2023-03-17T12:36:57.182Z,001100774913,1
2023-03-17T12:36:57.182Z,001101877413,1
2023-03-17T12:36:57.182Z,001102244850,1
2023-03-17T12:36:57.182Z,001000239828,1
2023-03-17T12:36:57.182Z,001101039980,1
2023-03-17T12:36:57.182Z,001101195066,2
2023-03-17T12:36:57.182Z,001102982680,1
2023-03-17T12:36:57.182Z,001100466170,1
2023-03-17T12:36:57.182Z,001000196541,1
2023-03-17T12:36:57.182Z,001101767289,1
2023-03-17T12:36:57.182Z,001102706317,1
2023-03-17T12:36:57.182Z,991100041858,1
2023-03-17T12:36:57.182Z,001101673378,1
2023-03-17T12:36:57.182Z,001101728332,1
2023-03-17T12:36:57.182Z,001100139511,1
2023-03-17T12:36:57.182Z,001100159213,1
2023-03-17T12:36:57.182Z,001103041824,1
2023-03-17T12:36:57.182Z,001102820172,1
2023-03-17T12:36:57.182Z,001100168563,1
2023-03-17T12:36:57.182Z,001101059688,1
2023-03-17T12:36:57.182Z,001100542342,2
2023-03-17T12:36:57.182Z,001100982480,1
2023-03-17T12:36:57.182Z,001100416875,1
2023-03-17T12:36:57.182Z,001101501034,1
2023-03-17T12:36:57.182Z,001100686155,1
2023-03-17T12:36:57.182Z,001102875859,1
2023-03-17T12:36:57.182Z,001100802871,1
2023-03-17T12:36:57.182Z,001100845252,1
2023-03-17T12:36:57.182Z,001100350550,2
2023-03-17T12:36:57.182Z,001103024964,1
2023-03-17T12:36:57.182Z,001101983712,1
2023-03-17T12:36:57.182Z,001101933613,1
2023-03-17T12:36:57.182Z,001101675796,1
2023-03-17T12:36:57.182Z,001100523405,1
2023-03-17T12:36:57.182Z,001102380150,1
2023-03-17T12:36:57.182Z,001102996112,1
2023-03-17T12:36:57.182Z,001100063617,1
2023-03-17T12:36:57.182Z,001100782101,1
2023-03-17T12:36:57.182Z,001103359095,1
2023-03-17T12:36:57.182Z,001101190582,1
2023-03-17T12:36:57.182Z,001102976918,1
2023-03-17T12:36:57.182Z,001101169872,1
2023-03-17T12:36:57.182Z,001100869346,1
2023-03-17T12:36:57.182Z,001101788079,1
2023-03-17T12:36:57.182Z,001103302800,1
2023-03-17T12:36:57.182Z,001102523605,1
2023-03-17T12:36:57.182Z,001101907222,1
2023-03-17T12:36:57.182Z,001102146750,1
2023-03-17T12:36:57.182Z,001100206757,1
2023-03-17T12:36:57.182Z,001101696430,1
2023-03-17T12:36:57.182Z,001102293653,1
2023-03-17T12:36:57.182Z,001101097178,1
2023-03-17T12:36:57.182Z,001101677023,1
2023-03-17T12:36:57.182Z,001103046472,1
2023-03-17T12:36:57.182Z,001101708309,1
2023-03-17T12:36:57.182Z,001100741440,1
2023-03-17T12:36:57.182Z,001101860830,1
2023-03-17T12:36:57.182Z,001102293296,1
2023-03-17T12:36:57.182Z,001101410576,2
2023-03-17T12:36:57.182Z,001100266322,1
2023-03-17T12:36:57.182Z,001102924100,1
2023-03-17T12:36:57.182Z,001100402128,1
2023-03-17T12:36:57.182Z,001102669551,1
2023-03-17T12:36:57.182Z,001100147758,1
2023-03-17T12:36:57.182Z,001103391403,1
2023-03-17T12:36:57.182Z,001102165623,1
2023-03-17T12:36:57.182Z,001100293597,1
2023-03-17T12:36:57.182Z,001103116002,1
2023-03-17T12:36:57.182Z,001100913251,1
2023-03-17T12:36:57.182Z,001100422126,1
2023-03-17T12:36:57.182Z,001102147158,1
2023-03-17T12:36:57.182Z,001102691193,1
2023-03-17T12:36:57.182Z,001100176150,1
2023-03-17T12:36:57.182Z,001101860333,2
2023-03-17T12:36:57.182Z,001100243153,1
2023-03-17T12:36:57.182Z,001102515090,1
2023-03-17T12:36:57.182Z,001101600404,1
2023-03-17T12:36:57.182Z,001100293956,1
2023-03-17T12:36:57.182Z,001100515859,1
2023-03-17T12:36:57.182Z,001100119279,1
2023-03-17T12:36:57.182Z,001103035189,1
2023-03-17T12:36:57.182Z,001101296434,1
2023-03-17T12:36:57.182Z,001000049091,1
2023-03-17T12:36:57.182Z,001100861814,2
2023-03-17T12:36:57.182Z,001100175518,1
2023-03-17T12:36:57.182Z,001102968396,1
2023-03-17T12:36:57.182Z,001103206026,1
2023-03-17T12:36:57.182Z,001101217237,1
2023-03-17T12:36:57.182Z,001101723213,1
2023-03-17T12:36:57.182Z,001100918891,1
2023-03-17T12:36:57.182Z,001101996114,1
2023-03-17T12:36:57.182Z,001101409184,1
2023-03-17T12:36:57.182Z,991100021860,1
2023-03-17T12:36:57.182Z,001101854904,1
2023-03-17T12:36:57.182Z,001101610314,1
2023-03-17T12:36:57.182Z,001102614190,1
2023-03-17T12:36:57.182Z,001102861215,1
2023-03-17T12:36:57.182Z,001101315529,1
2023-03-17T12:36:57.182Z,001103193403,1
2023-03-17T12:36:57.182Z,001100974338,1
2023-03-17T12:36:57.182Z,001103148168,1
2023-03-17T12:36:57.182Z,001102994433,1
2023-03-17T12:36:57.182Z,001101661871,1
2023-03-17T12:36:57.182Z,001101429687,1
2023-03-17T12:36:57.182Z,001103386856,1
2023-03-17T12:36:57.182Z,001101219029,1
2023-03-17T12:36:57.182Z,001102458180,1
2023-03-17T12:36:57.182Z,001101296805,1
2023-03-17T12:36:57.182Z,001100300637,1
2023-03-17T12:36:57.182Z,001101544050,1
2023-03-17T12:36:57.182Z,001100167518,1
2023-03-17T12:36:57.182Z,001100893144,1
2023-03-17T12:36:57.182Z,001100383628,1
2023-03-17T12:36:57.182Z,001102018294,1
2023-03-17T12:36:57.182Z,001101488071,1
2023-03-17T12:36:57.182Z,001102025704,1
2023-03-17T12:36:57.182Z,001000000164,1
2023-03-17T12:36:57.182Z,001000001287,1
2023-03-17T12:36:57.182Z,001100333821,1
2023-03-17T12:36:57.182Z,001100921011,1
2023-03-17T12:36:57.182Z,001101438775,1
2023-03-17T12:36:57.182Z,001101621702,1
2023-03-17T12:36:57.182Z,001100068195,1
2023-03-17T12:36:57.182Z,001101427612,1
2023-03-17T12:36:57.182Z,001102423251,1
2023-03-17T12:36:57.182Z,001100061596,1
2023-03-17T12:36:57.182Z,001102575118,1
2023-03-17T12:36:57.182Z,001101082294,1
2023-03-17T12:36:57.182Z,001101270598,1
2023-03-17T12:36:57.182Z,001101586733,1
2023-03-17T12:36:57.182Z,001102300539,1
2023-03-17T12:36:57.182Z,001102323966,1
2023-03-17T12:36:57.182Z,001101032492,1
2023-03-17T12:36:57.182Z,001101908778,1
2023-03-17T12:36:57.182Z,001101580881,1
2023-03-17T12:36:57.182Z,001102438781,1
2023-03-17T12:36:57.182Z,001101296509,1
2023-03-17T12:36:57.182Z,001102023539,1
2023-03-17T12:36:57.182Z,001102735490,1
2023-03-17T12:36:57.182Z,001100638921,1
2023-03-17T12:36:57.182Z,001101279261,1
2023-03-17T12:36:57.182Z,001103398791,1
2023-03-17T12:36:57.182Z,001101346228,1
2023-03-17T12:36:57.182Z,001102688421,1
2023-03-17T12:36:57.182Z,001101902072,1
2023-03-17T12:36:57.182Z,001101539565,1
2023-03-17T12:36:57.182Z,001100694456,1
2023-03-17T12:36:57.182Z,001000060927,1
2023-03-17T12:36:57.182Z,001101493878,1
2023-03-17T12:36:57.182Z,001102387288,0
2023-03-17T12:36:57.182Z,001101299761,1
2023-03-17T12:36:57.182Z,001100828229,1
2023-03-17T12:36:57.182Z,001101622570,0
2023-03-17T12:36:57.182Z,001101947604,1
2023-03-17T12:36:57.182Z,001102337489,1
2023-03-17T12:36:57.182Z,001100733785,1
2023-03-17T12:36:57.182Z,001102316997,1
2023-03-17T12:36:57.182Z,001101372326,1
2023-03-17T12:36:57.182Z,001102734766,1
2023-03-17T12:36:57.182Z,001100449045,2
2023-03-17T12:36:57.182Z,001103357560,1
2023-03-17T12:36:57.182Z,991100037898,1
2023-03-17T12:36:57.182Z,001102479345,1
2023-03-17T12:36:57.182Z,001100371658,1
2023-03-17T12:36:57.182Z,001100658121,1
2023-03-17T12:36:57.182Z,001101285781,1
2023-03-17T12:36:57.182Z,001100158950,1
2023-03-17T12:36:57.182Z,001100699998,1
2023-03-17T12:36:57.182Z,001101333169,1
2023-03-17T12:36:57.182Z,001101898773,1
2023-03-17T12:36:57.182Z,001100550381,1
2023-03-17T12:36:57.182Z,001102387865,1
2023-03-17T12:36:57.182Z,001101276934,1
2023-03-17T12:36:57.182Z,001100220513,1
2023-03-17T12:36:57.182Z,001101285989,1
2023-03-17T12:36:57.182Z,001101246839,1
2023-03-17T12:36:57.182Z,001101542887,1
2023-03-17T12:36:57.182Z,001000005174,1
2023-03-17T12:36:57.182Z,001101728942,1
2023-03-17T12:36:57.182Z,001100984774,1
2023-03-17T12:36:57.182Z,001103017229,1
2023-03-17T12:36:57.182Z,001102628008,1
2023-03-17T12:36:57.182Z,001101898477,1
2023-03-17T12:36:57.182Z,001101531346,1
2023-03-17T12:36:57.182Z,001100365576,1
2023-03-17T12:36:57.182Z,001102644975,1
2023-03-17T12:36:57.182Z,001103322751,1
2023-03-17T12:36:57.182Z,001101439906,1
2023-03-17T12:36:57.182Z,001100440846,1
2023-03-17T12:36:57.182Z,001101407481,1
2023-03-17T12:36:57.182Z,001101702972,1
2023-03-17T12:36:57.182Z,001101369266,1
2023-03-17T12:36:57.182Z,001103017024,1
2023-03-17T12:36:57.182Z,001100723679,1
2023-03-17T12:36:57.182Z,001101247744,1
